date,asset,price,volume
2010-01-04,Equity(1847 [MMM]),83.02,3043700.0
2010-01-05,Equity(1847 [MMM]),82.5,2847000.0
2010-01-06,Equity(1847 [MMM]),83.67,5268500.0
2010-01-07,Equity(1847 [MMM]),83.73,4470100.0
2010-01-08,Equity(1847 [MMM]),84.32,3405800.0
2010-01-11,Equity(1847 [MMM]),83.98,2927100.0
2010-01-12,Equity(1847 [MMM]),84.05,3031800.0
2010-01-13,Equity(1847 [MMM]),83.78,3102000.0
2010-01-14,Equity(1847 [MMM]),83.5,2634100.0
2010-01-15,Equity(1847 [MMM]),83.37,3955000.0
2010-01-19,Equity(1847 [MMM]),85.12,4500400.0
2010-01-20,Equity(1847 [MMM]),84.72,3671200.0
2010-01-21,Equity(1847 [MMM]),82.7,4783200.0
2010-01-22,Equity(1847 [MMM]),81.48,4809000.0
2010-01-25,Equity(1847 [MMM]),81.83,3386600.0
2010-01-26,Equity(1847 [MMM]),81.63,3138000.0
2010-01-27,Equity(1847 [MMM]),82.3,5066900.0
2010-01-28,Equity(1847 [MMM]),80.75,6820700.0
2010-01-29,Equity(1847 [MMM]),80.49,4347000.0
2010-02-01,Equity(1847 [MMM]),80.44,3632700.0
2010-02-02,Equity(1847 [MMM]),80.43,4690000.0
2010-02-03,Equity(1847 [MMM]),81.5,3401300.0
2010-02-04,Equity(1847 [MMM]),79.21,5312600.0
2010-02-05,Equity(1847 [MMM]),78.54,5408000.0
2010-02-08,Equity(1847 [MMM]),77.53,4407300.0
2010-02-09,Equity(1847 [MMM]),78.72,4252500.0
2010-02-10,Equity(1847 [MMM]),78.62,2445200.0
2010-02-11,Equity(1847 [MMM]),80.27,5524500.0
2010-02-12,Equity(1847 [MMM]),79.18,5443000.0
2010-02-16,Equity(1847 [MMM]),79.94,3619100.0
2010-02-17,Equity(1847 [MMM]),80.14,3095200.0
2010-02-18,Equity(1847 [MMM]),81.11,2702400.0
2010-02-19,Equity(1847 [MMM]),81.52,3217900.0
2010-02-22,Equity(1847 [MMM]),80.68,3025400.0
2010-02-23,Equity(1847 [MMM]),79.71,3981900.0
2010-02-24,Equity(1847 [MMM]),80.07,3530700.0
2010-02-25,Equity(1847 [MMM]),79.74,4106300.0
2010-02-26,Equity(1847 [MMM]),80.15,3224400.0
2010-03-01,Equity(1847 [MMM]),80.58,2545100.0
2010-03-02,Equity(1847 [MMM]),81.13,3365600.0
2010-03-03,Equity(1847 [MMM]),81.0,2852300.0
2010-03-04,Equity(1847 [MMM]),81.02,2620300.0
2010-03-05,Equity(1847 [MMM]),82.44,3142600.0
2010-03-08,Equity(1847 [MMM]),81.31,3627900.0
2010-03-09,Equity(1847 [MMM]),81.99,4249800.0
2010-03-10,Equity(1847 [MMM]),81.56,3584600.0
2010-03-11,Equity(1847 [MMM]),81.26,4048100.0
2010-03-12,Equity(1847 [MMM]),81.38,2945900.0
2010-03-15,Equity(1847 [MMM]),81.26,2622300.0
2010-03-16,Equity(1847 [MMM]),81.66,4242200.0
2010-03-17,Equity(1847 [MMM]),82.18,3989700.0
2010-03-18,Equity(1847 [MMM]),83.67,4939500.0
2010-03-19,Equity(1847 [MMM]),81.96,6876200.0
2010-03-22,Equity(1847 [MMM]),81.84,3256700.0
2010-03-23,Equity(1847 [MMM]),82.35,4153100.0
2010-03-24,Equity(1847 [MMM]),81.61,3102500.0
2010-03-25,Equity(1847 [MMM]),80.93,4942500.0
2010-03-26,Equity(1847 [MMM]),81.0,3815300.0
2010-03-29,Equity(1847 [MMM]),81.36,3102600.0
2010-03-30,Equity(1847 [MMM]),84.28,8704600.0
2010-03-31,Equity(1847 [MMM]),83.57,4336700.0
2010-04-01,Equity(1847 [MMM]),83.85,2965800.0
2010-04-05,Equity(1847 [MMM]),84.19,2600800.0
2010-04-06,Equity(1847 [MMM]),84.35,3208500.0
2010-04-07,Equity(1847 [MMM]),83.66,4463500.0
2010-04-08,Equity(1847 [MMM]),82.95,3757700.0
2010-04-09,Equity(1847 [MMM]),83.49,2883900.0
2010-04-12,Equity(1847 [MMM]),83.28,2626100.0
2010-04-13,Equity(1847 [MMM]),83.94,4256000.0
2010-04-14,Equity(1847 [MMM]),84.39,3632100.0
2010-04-15,Equity(1847 [MMM]),85.0,4535500.0
2010-04-16,Equity(1847 [MMM]),83.76,5342300.0
2010-04-19,Equity(1847 [MMM]),83.9,3554200.0
2010-04-20,Equity(1847 [MMM]),85.27,5735000.0
2010-04-21,Equity(1847 [MMM]),85.7,4522900.0
2010-04-22,Equity(1847 [MMM]),86.05,4627700.0
2010-04-23,Equity(1847 [MMM]),86.58,3990600.0
2010-04-26,Equity(1847 [MMM]),87.44,6288900.0
2010-04-27,Equity(1847 [MMM]),87.97,11138700.0
2010-04-28,Equity(1847 [MMM]),88.24,5730600.0
2010-04-29,Equity(1847 [MMM]),89.33,5284200.0
2010-04-30,Equity(1847 [MMM]),88.67,5262000.0
2010-05-03,Equity(1847 [MMM]),89.81,4647400.0
2010-05-04,Equity(1847 [MMM]),87.68,5456400.0
2010-05-05,Equity(1847 [MMM]),86.59,4880000.0
2010-05-06,Equity(1847 [MMM]),84.24,9156000.0
2010-05-07,Equity(1847 [MMM]),82.63,8368800.0
2010-05-10,Equity(1847 [MMM]),85.97,6271600.0
2010-05-11,Equity(1847 [MMM]),85.04,4760800.0
2010-05-12,Equity(1847 [MMM]),86.44,3431000.0
2010-05-13,Equity(1847 [MMM]),85.59,3314300.0
2010-05-14,Equity(1847 [MMM]),84.68,4138400.0
2010-05-17,Equity(1847 [MMM]),84.68,3191700.0
2010-05-18,Equity(1847 [MMM]),84.02,5219900.0
2010-05-19,Equity(1847 [MMM]),82.54,6405200.0
2010-05-20,Equity(1847 [MMM]),79.58,8752700.0
2010-05-21,Equity(1847 [MMM]),80.7,6489700.0
2010-05-24,Equity(1847 [MMM]),79.59,3625900.0
2010-05-25,Equity(1847 [MMM]),79.47,5705200.0
2010-05-26,Equity(1847 [MMM]),79.17,4720900.0
2010-05-27,Equity(1847 [MMM]),81.43,4554900.0
2010-05-28,Equity(1847 [MMM]),79.31,6482800.0
2010-06-01,Equity(1847 [MMM]),78.07,4340200.0
2010-06-02,Equity(1847 [MMM]),78.74,5773600.0
2010-06-03,Equity(1847 [MMM]),78.34,7880900.0
2010-06-04,Equity(1847 [MMM]),76.1,8152800.0
2010-06-07,Equity(1847 [MMM]),74.74,5947800.0
2010-06-08,Equity(1847 [MMM]),74.92,7229500.0
2010-06-09,Equity(1847 [MMM]),74.79,4803100.0
2010-06-10,Equity(1847 [MMM]),77.43,6204500.0
2010-06-11,Equity(1847 [MMM]),78.3,4627700.0
2010-06-14,Equity(1847 [MMM]),78.14,3612000.0
2010-06-15,Equity(1847 [MMM]),79.77,3233200.0
2010-06-16,Equity(1847 [MMM]),80.88,5359800.0
2010-06-17,Equity(1847 [MMM]),81.03,3976400.0
2010-06-18,Equity(1847 [MMM]),81.18,5255800.0
2010-06-21,Equity(1847 [MMM]),81.47,4064000.0
2010-06-22,Equity(1847 [MMM]),80.03,3116800.0
2010-06-23,Equity(1847 [MMM]),80.12,3567100.0
2010-06-24,Equity(1847 [MMM]),78.18,4340100.0
2010-06-25,Equity(1847 [MMM]),78.9,4339900.0
2010-06-28,Equity(1847 [MMM]),78.98,3094000.0
2010-06-29,Equity(1847 [MMM]),78.49,8545400.0
2010-06-30,Equity(1847 [MMM]),78.99,6942900.0
2010-07-01,Equity(1847 [MMM]),78.55,6811700.0
2010-07-02,Equity(1847 [MMM]),77.67,3776900.0
2010-07-06,Equity(1847 [MMM]),78.14,4012500.0
2010-07-07,Equity(1847 [MMM]),80.52,4957900.0
2010-07-08,Equity(1847 [MMM]),81.22,3975800.0
2010-07-09,Equity(1847 [MMM]),82.16,2817400.0
2010-07-12,Equity(1847 [MMM]),82.26,3206600.0
2010-07-13,Equity(1847 [MMM]),83.55,5137400.0
2010-07-14,Equity(1847 [MMM]),83.05,3114300.0
2010-07-15,Equity(1847 [MMM]),83.06,4642000.0
2010-07-16,Equity(1847 [MMM]),80.95,4302500.0
2010-07-19,Equity(1847 [MMM]),81.22,3054200.0
2010-07-20,Equity(1847 [MMM]),82.19,3050800.0
2010-07-21,Equity(1847 [MMM]),82.3,4992700.0
2010-07-22,Equity(1847 [MMM]),84.75,7153200.0
2010-07-23,Equity(1847 [MMM]),86.17,4559100.0
2010-07-26,Equity(1847 [MMM]),87.32,4834500.0
2010-07-27,Equity(1847 [MMM]),86.8,4243800.0
2010-07-28,Equity(1847 [MMM]),86.69,2824600.0
2010-07-29,Equity(1847 [MMM]),86.34,3344200.0
2010-07-30,Equity(1847 [MMM]),85.54,4744600.0
2010-08-02,Equity(1847 [MMM]),87.41,3639000.0
2010-08-03,Equity(1847 [MMM]),87.21,2855500.0
2010-08-04,Equity(1847 [MMM]),88.0,2222600.0
2010-08-05,Equity(1847 [MMM]),87.72,2523600.0
2010-08-06,Equity(1847 [MMM]),87.29,2701300.0
2010-08-09,Equity(1847 [MMM]),88.03,3187400.0
2010-08-10,Equity(1847 [MMM]),87.11,3641400.0
2010-08-11,Equity(1847 [MMM]),84.1,4505600.0
2010-08-12,Equity(1847 [MMM]),84.01,3435300.0
2010-08-13,Equity(1847 [MMM]),84.01,2079100.0
2010-08-16,Equity(1847 [MMM]),83.43,2358400.0
2010-08-17,Equity(1847 [MMM]),84.09,4374600.0
2010-08-18,Equity(1847 [MMM]),83.61,3198900.0
2010-08-19,Equity(1847 [MMM]),81.81,3959300.0
2010-08-20,Equity(1847 [MMM]),80.66,4355400.0
2010-08-23,Equity(1847 [MMM]),81.08,3243400.0
2010-08-24,Equity(1847 [MMM]),80.45,4475900.0
2010-08-25,Equity(1847 [MMM]),80.75,3577100.0
2010-08-26,Equity(1847 [MMM]),79.78,3577000.0
2010-08-27,Equity(1847 [MMM]),81.0,3445900.0
2010-08-30,Equity(1847 [MMM]),79.65,2408400.0
2010-08-31,Equity(1847 [MMM]),78.55,4956000.0
2010-09-01,Equity(1847 [MMM]),81.01,4507000.0
2010-09-02,Equity(1847 [MMM]),81.87,2477800.0
2010-09-03,Equity(1847 [MMM]),83.48,2939700.0
2010-09-07,Equity(1847 [MMM]),82.14,3099200.0
2010-09-08,Equity(1847 [MMM]),82.75,2787000.0
2010-09-09,Equity(1847 [MMM]),82.96,2471700.0
2010-09-10,Equity(1847 [MMM]),83.94,2166300.0
2010-09-13,Equity(1847 [MMM]),84.86,2863500.0
2010-09-14,Equity(1847 [MMM]),84.63,3319500.0
2010-09-15,Equity(1847 [MMM]),84.58,2175900.0
2010-09-16,Equity(1847 [MMM]),84.95,2431800.0
2010-09-17,Equity(1847 [MMM]),86.07,5967100.0
2010-09-20,Equity(1847 [MMM]),87.41,3657900.0
2010-09-21,Equity(1847 [MMM]),86.55,3680200.0
2010-09-22,Equity(1847 [MMM]),86.63,2473000.0
2010-09-23,Equity(1847 [MMM]),85.53,1994000.0
2010-09-24,Equity(1847 [MMM]),86.96,3420400.0
2010-09-27,Equity(1847 [MMM]),86.19,2494700.0
2010-09-28,Equity(1847 [MMM]),87.04,2582600.0
2010-09-29,Equity(1847 [MMM]),87.17,2915700.0
2010-09-30,Equity(1847 [MMM]),86.71,3634700.0
2010-10-01,Equity(1847 [MMM]),87.62,3200900.0
2010-10-04,Equity(1847 [MMM]),86.7,2286300.0
2010-10-05,Equity(1847 [MMM]),88.86,4612200.0
2010-10-06,Equity(1847 [MMM]),89.89,4137400.0
2010-10-07,Equity(1847 [MMM]),88.9,3321900.0
2010-10-08,Equity(1847 [MMM]),89.16,2264400.0
2010-10-11,Equity(1847 [MMM]),88.25,2605900.0
2010-10-12,Equity(1847 [MMM]),88.15,2501400.0
2010-10-13,Equity(1847 [MMM]),89.14,3179900.0
2010-10-14,Equity(1847 [MMM]),89.07,2313700.0
2010-10-15,Equity(1847 [MMM]),89.14,3097100.0
2010-10-18,Equity(1847 [MMM]),89.66,2692000.0
2010-10-19,Equity(1847 [MMM]),88.55,3888100.0
2010-10-20,Equity(1847 [MMM]),89.47,2819400.0
2010-10-21,Equity(1847 [MMM]),90.55,5633800.0
2010-10-22,Equity(1847 [MMM]),90.44,2310800.0
2010-10-25,Equity(1847 [MMM]),90.9,3192900.0
2010-10-26,Equity(1847 [MMM]),90.47,2268200.0
2010-10-27,Equity(1847 [MMM]),90.37,3398500.0
2010-10-28,Equity(1847 [MMM]),85.07,16228100.0
2010-10-29,Equity(1847 [MMM]),84.22,6085200.0
2010-11-01,Equity(1847 [MMM]),83.98,4467200.0
2010-11-02,Equity(1847 [MMM]),84.8,3815200.0
2010-11-03,Equity(1847 [MMM]),85.3,4081700.0
2010-11-04,Equity(1847 [MMM]),87.04,6606100.0
2010-11-05,Equity(1847 [MMM]),86.34,3724300.0
2010-11-08,Equity(1847 [MMM]),85.86,5515100.0
2010-11-09,Equity(1847 [MMM]),85.3,4920500.0
2010-11-10,Equity(1847 [MMM]),86.25,3999000.0
2010-11-11,Equity(1847 [MMM]),86.5,5850800.0
2010-11-12,Equity(1847 [MMM]),86.24,4123700.0
2010-11-15,Equity(1847 [MMM]),86.2,3131100.0
2010-11-16,Equity(1847 [MMM]),84.24,5699800.0
2010-11-17,Equity(1847 [MMM]),83.95,3130600.0
2010-11-18,Equity(1847 [MMM]),85.55,3576400.0
2010-11-19,Equity(1847 [MMM]),85.01,3221300.0
2010-11-22,Equity(1847 [MMM]),84.9,2976300.0
2010-11-23,Equity(1847 [MMM]),83.59,3933200.0
2010-11-24,Equity(1847 [MMM]),84.66,3857600.0
2010-11-26,Equity(1847 [MMM]),84.4,1661300.0
2010-11-29,Equity(1847 [MMM]),84.22,3590000.0
2010-11-30,Equity(1847 [MMM]),83.98,3463500.0
2010-12-01,Equity(1847 [MMM]),86.05,5153700.0
2010-12-02,Equity(1847 [MMM]),86.51,4257900.0
2010-12-03,Equity(1847 [MMM]),86.94,2910700.0
2010-12-06,Equity(1847 [MMM]),86.88,3165400.0
2010-12-07,Equity(1847 [MMM]),84.19,10359600.0
2010-12-08,Equity(1847 [MMM]),84.68,5145300.0
2010-12-09,Equity(1847 [MMM]),84.11,3598100.0
2010-12-10,Equity(1847 [MMM]),84.32,4453200.0
2010-12-13,Equity(1847 [MMM]),85.3,4264300.0
2010-12-14,Equity(1847 [MMM]),85.84,2873400.0
2010-12-15,Equity(1847 [MMM]),85.81,4758500.0
2010-12-16,Equity(1847 [MMM]),86.4,2670600.0
2010-12-17,Equity(1847 [MMM]),86.37,3655800.0
2010-12-20,Equity(1847 [MMM]),87.34,4002600.0
2010-12-21,Equity(1847 [MMM]),86.53,3265900.0
2010-12-22,Equity(1847 [MMM]),86.72,2396800.0
2010-12-23,Equity(1847 [MMM]),86.47,1890200.0
2010-12-27,Equity(1847 [MMM]),87.01,1585500.0
2010-12-28,Equity(1847 [MMM]),86.74,1769700.0
2010-12-29,Equity(1847 [MMM]),86.76,1666800.0
2010-12-30,Equity(1847 [MMM]),86.54,1502900.0
2010-12-31,Equity(1847 [MMM]),86.3,1791500.0
2011-01-03,Equity(1847 [MMM]),86.79,2632800.0
2011-01-04,Equity(1847 [MMM]),86.67,2644100.0
2011-01-05,Equity(1847 [MMM]),86.67,4081300.0
2011-01-06,Equity(1847 [MMM]),86.14,3452600.0
2011-01-07,Equity(1847 [MMM]),86.23,3355500.0
2011-01-10,Equity(1847 [MMM]),87.15,3475200.0
2011-01-11,Equity(1847 [MMM]),87.74,3024400.0
2011-01-12,Equity(1847 [MMM]),88.66,2732900.0
2011-01-13,Equity(1847 [MMM]),88.04,2351900.0
2011-01-14,Equity(1847 [MMM]),88.1,2094300.0
2011-01-18,Equity(1847 [MMM]),88.14,2323700.0
2011-01-19,Equity(1847 [MMM]),87.96,2302200.0
2011-01-20,Equity(1847 [MMM]),88.04,2167400.0
2011-01-21,Equity(1847 [MMM]),89.29,3911300.0
2011-01-24,Equity(1847 [MMM]),90.32,6319600.0
2011-01-25,Equity(1847 [MMM]),88.5,7480800.0
2011-01-26,Equity(1847 [MMM]),89.57,4097800.0
2011-01-27,Equity(1847 [MMM]),89.19,3282400.0
2011-01-28,Equity(1847 [MMM]),87.44,4927600.0
2011-01-31,Equity(1847 [MMM]),87.92,4116500.0
2011-02-01,Equity(1847 [MMM]),87.79,3995200.0
2011-02-02,Equity(1847 [MMM]),87.75,2892600.0
2011-02-03,Equity(1847 [MMM]),87.95,1982200.0
2011-02-04,Equity(1847 [MMM]),88.29,1973900.0
2011-02-07,Equity(1847 [MMM]),88.79,2621700.0
2011-02-08,Equity(1847 [MMM]),89.47,2708000.0
2011-02-09,Equity(1847 [MMM]),90.78,4786500.0
2011-02-10,Equity(1847 [MMM]),90.46,2787500.0
2011-02-11,Equity(1847 [MMM]),91.8,3410000.0
2011-02-14,Equity(1847 [MMM]),91.9,3418500.0
2011-02-15,Equity(1847 [MMM]),92.0,2971900.0
2011-02-16,Equity(1847 [MMM]),92.33,3906500.0
2011-02-17,Equity(1847 [MMM]),92.73,3134200.0
2011-02-18,Equity(1847 [MMM]),92.96,3435200.0
2011-02-22,Equity(1847 [MMM]),92.0,5032300.0
2011-02-23,Equity(1847 [MMM]),90.26,5360900.0
2011-02-24,Equity(1847 [MMM]),90.03,3995700.0
2011-02-25,Equity(1847 [MMM]),90.25,2859500.0
2011-02-28,Equity(1847 [MMM]),92.23,4797400.0
2011-03-01,Equity(1847 [MMM]),90.46,4008100.0
2011-03-02,Equity(1847 [MMM]),91.32,2809500.0
2011-03-03,Equity(1847 [MMM]),92.81,3061100.0
2011-03-04,Equity(1847 [MMM]),92.19,2770400.0
2011-03-07,Equity(1847 [MMM]),92.4,3790500.0
2011-03-08,Equity(1847 [MMM]),93.75,3623700.0
2011-03-09,Equity(1847 [MMM]),93.17,2117900.0
2011-03-10,Equity(1847 [MMM]),90.01,5098400.0
2011-03-11,Equity(1847 [MMM]),91.61,3513000.0
2011-03-14,Equity(1847 [MMM]),91.02,3549000.0
2011-03-15,Equity(1847 [MMM]),89.5,5273500.0
2011-03-16,Equity(1847 [MMM]),87.55,6387500.0
2011-03-17,Equity(1847 [MMM]),88.69,3581300.0
2011-03-18,Equity(1847 [MMM]),88.98,4823200.0
2011-03-21,Equity(1847 [MMM]),90.95,3576000.0
2011-03-22,Equity(1847 [MMM]),90.7,2067100.0
2011-03-23,Equity(1847 [MMM]),92.14,3978100.0
2011-03-24,Equity(1847 [MMM]),92.58,2595800.0
2011-03-25,Equity(1847 [MMM]),92.27,2748500.0
2011-03-28,Equity(1847 [MMM]),92.12,2414300.0
2011-03-29,Equity(1847 [MMM]),92.84,2221400.0
2011-03-30,Equity(1847 [MMM]),92.47,3566500.0
2011-03-31,Equity(1847 [MMM]),93.5,3202900.0
2011-04-01,Equity(1847 [MMM]),93.13,3546700.0
2011-04-04,Equity(1847 [MMM]),93.64,1956600.0
2011-04-05,Equity(1847 [MMM]),93.39,2253400.0
2011-04-06,Equity(1847 [MMM]),93.82,2498400.0
2011-04-07,Equity(1847 [MMM]),93.19,3428700.0
2011-04-08,Equity(1847 [MMM]),93.22,2462700.0
2011-04-11,Equity(1847 [MMM]),93.8,3221500.0
2011-04-12,Equity(1847 [MMM]),92.37,3894500.0
2011-04-13,Equity(1847 [MMM]),92.86,2834700.0
2011-04-14,Equity(1847 [MMM]),92.94,2290200.0
2011-04-15,Equity(1847 [MMM]),92.82,3110700.0
2011-04-18,Equity(1847 [MMM]),91.45,3639300.0
2011-04-19,Equity(1847 [MMM]),91.86,2435100.0
2011-04-20,Equity(1847 [MMM]),93.76,3635400.0
2011-04-21,Equity(1847 [MMM]),93.92,2926600.0
2011-04-25,Equity(1847 [MMM]),94.12,2187100.0
2011-04-26,Equity(1847 [MMM]),95.94,8004300.0
2011-04-27,Equity(1847 [MMM]),96.47,3774200.0
2011-04-28,Equity(1847 [MMM]),97.23,3597800.0
2011-04-29,Equity(1847 [MMM]),97.21,3086000.0
2011-05-02,Equity(1847 [MMM]),96.92,3025000.0
2011-05-03,Equity(1847 [MMM]),96.83,2938700.0
2011-05-04,Equity(1847 [MMM]),96.2,3226100.0
2011-05-05,Equity(1847 [MMM]),94.92,4159700.0
2011-05-06,Equity(1847 [MMM]),95.6,3666500.0
2011-05-09,Equity(1847 [MMM]),95.99,2039000.0
2011-05-10,Equity(1847 [MMM]),95.71,3285600.0
2011-05-11,Equity(1847 [MMM]),95.52,3458300.0
2011-05-12,Equity(1847 [MMM]),96.65,3949300.0
2011-05-13,Equity(1847 [MMM]),96.01,2918900.0
2011-05-16,Equity(1847 [MMM]),95.46,2605500.0
2011-05-17,Equity(1847 [MMM]),93.86,4845500.0
2011-05-18,Equity(1847 [MMM]),93.94,3340200.0
2011-05-19,Equity(1847 [MMM]),94.71,2385400.0
2011-05-20,Equity(1847 [MMM]),93.56,3486900.0
2011-05-23,Equity(1847 [MMM]),92.49,2988900.0
2011-05-24,Equity(1847 [MMM]),91.97,3218300.0
2011-05-25,Equity(1847 [MMM]),92.69,2814300.0
2011-05-26,Equity(1847 [MMM]),92.82,2669200.0
2011-05-27,Equity(1847 [MMM]),93.47,1987200.0
2011-05-31,Equity(1847 [MMM]),94.38,3181300.0
2011-06-01,Equity(1847 [MMM]),91.44,3456200.0
2011-06-02,Equity(1847 [MMM]),91.46,2745200.0
2011-06-03,Equity(1847 [MMM]),90.7,3108300.0
2011-06-06,Equity(1847 [MMM]),90.62,2964500.0
2011-06-07,Equity(1847 [MMM]),90.85,3049700.0
2011-06-08,Equity(1847 [MMM]),90.91,3469900.0
2011-06-09,Equity(1847 [MMM]),91.96,2493300.0
2011-06-10,Equity(1847 [MMM]),90.73,2765200.0
2011-06-13,Equity(1847 [MMM]),91.3,2543300.0
2011-06-14,Equity(1847 [MMM]),92.59,2839100.0
2011-06-15,Equity(1847 [MMM]),91.03,3407700.0
2011-06-16,Equity(1847 [MMM]),91.58,2995700.0
2011-06-17,Equity(1847 [MMM]),91.78,3764100.0
2011-06-20,Equity(1847 [MMM]),92.56,2026700.0
2011-06-21,Equity(1847 [MMM]),93.43,2438300.0
2011-06-22,Equity(1847 [MMM]),92.8,2675400.0
2011-06-23,Equity(1847 [MMM]),92.34,3804200.0
2011-06-24,Equity(1847 [MMM]),90.89,4179900.0
2011-06-27,Equity(1847 [MMM]),92.25,2783700.0
2011-06-28,Equity(1847 [MMM]),93.02,2730000.0
2011-06-29,Equity(1847 [MMM]),93.11,3071700.0
2011-06-30,Equity(1847 [MMM]),94.85,4201800.0
2011-07-01,Equity(1847 [MMM]),96.67,4659700.0
2011-07-05,Equity(1847 [MMM]),96.14,3064200.0
2011-07-06,Equity(1847 [MMM]),97.24,3704100.0
2011-07-07,Equity(1847 [MMM]),97.97,3312100.0
2011-07-08,Equity(1847 [MMM]),97.62,3014900.0
2011-07-11,Equity(1847 [MMM]),96.56,4510200.0
2011-07-12,Equity(1847 [MMM]),95.88,4578100.0
2011-07-13,Equity(1847 [MMM]),96.19,2816100.0
2011-07-14,Equity(1847 [MMM]),94.98,5397100.0
2011-07-15,Equity(1847 [MMM]),95.47,3924000.0
2011-07-18,Equity(1847 [MMM]),94.6,2951400.0
2011-07-19,Equity(1847 [MMM]),94.27,4756900.0
2011-07-20,Equity(1847 [MMM]),94.25,2808000.0
2011-07-21,Equity(1847 [MMM]),95.84,3540400.0
2011-07-22,Equity(1847 [MMM]),95.38,2846200.0
2011-07-25,Equity(1847 [MMM]),95.07,3438600.0
2011-07-26,Equity(1847 [MMM]),89.93,11432000.0
2011-07-27,Equity(1847 [MMM]),88.08,6658400.0
2011-07-28,Equity(1847 [MMM]),87.57,4285900.0
2011-07-29,Equity(1847 [MMM]),87.14,4883800.0
2011-08-01,Equity(1847 [MMM]),86.77,5997600.0
2011-08-02,Equity(1847 [MMM]),85.27,6406300.0
2011-08-03,Equity(1847 [MMM]),86.18,6277000.0
2011-08-04,Equity(1847 [MMM]),82.23,9061600.0
2011-08-05,Equity(1847 [MMM]),82.75,8453100.0
2011-08-08,Equity(1847 [MMM]),78.59,11496200.0
2011-08-09,Equity(1847 [MMM]),82.69,12008400.0
2011-08-10,Equity(1847 [MMM]),78.23,9377400.0
2011-08-11,Equity(1847 [MMM]),81.22,7142300.0
2011-08-12,Equity(1847 [MMM]),82.54,5718100.0
2011-08-15,Equity(1847 [MMM]),83.31,4157200.0
2011-08-16,Equity(1847 [MMM]),82.13,5078200.0
2011-08-17,Equity(1847 [MMM]),80.93,5429400.0
2011-08-18,Equity(1847 [MMM]),77.42,8546300.0
2011-08-19,Equity(1847 [MMM]),76.87,6151600.0
2011-08-22,Equity(1847 [MMM]),76.95,4434200.0
2011-08-23,Equity(1847 [MMM]),79.67,5819100.0
2011-08-24,Equity(1847 [MMM]),80.29,5176800.0
2011-08-25,Equity(1847 [MMM]),78.19,6604500.0
2011-08-26,Equity(1847 [MMM]),80.01,5390000.0
2011-08-29,Equity(1847 [MMM]),82.1,3467000.0
2011-08-30,Equity(1847 [MMM]),82.07,3734200.0
2011-08-31,Equity(1847 [MMM]),82.98,4737700.0
2011-09-01,Equity(1847 [MMM]),81.61,4535400.0
2011-09-02,Equity(1847 [MMM]),79.35,4391300.0
2011-09-06,Equity(1847 [MMM]),78.08,5271200.0
2011-09-07,Equity(1847 [MMM]),80.57,5213800.0
2011-09-08,Equity(1847 [MMM]),79.26,4722200.0
2011-09-09,Equity(1847 [MMM]),76.65,7423400.0
2011-09-12,Equity(1847 [MMM]),78.22,5848900.0
2011-09-13,Equity(1847 [MMM]),77.81,6469100.0
2011-09-14,Equity(1847 [MMM]),79.44,5402500.0
2011-09-15,Equity(1847 [MMM]),80.63,4222300.0
2011-09-16,Equity(1847 [MMM]),80.53,6027600.0
2011-09-19,Equity(1847 [MMM]),79.21,4552700.0
2011-09-20,Equity(1847 [MMM]),79.21,3914800.0
2011-09-21,Equity(1847 [MMM]),76.34,4957800.0
2011-09-22,Equity(1847 [MMM]),72.9,10108500.0
2011-09-23,Equity(1847 [MMM]),73.99,4583800.0
2011-09-26,Equity(1847 [MMM]),75.19,5033400.0
2011-09-27,Equity(1847 [MMM]),76.28,4875300.0
2011-09-28,Equity(1847 [MMM]),73.6,5932100.0
2011-09-29,Equity(1847 [MMM]),74.53,5633500.0
2011-09-30,Equity(1847 [MMM]),71.79,7184500.0
2011-10-03,Equity(1847 [MMM]),70.93,7619300.0
2011-10-04,Equity(1847 [MMM]),72.01,8700000.0
2011-10-05,Equity(1847 [MMM]),72.53,5467000.0
2011-10-06,Equity(1847 [MMM]),74.65,4835800.0
2011-10-07,Equity(1847 [MMM]),73.82,5291800.0
2011-10-10,Equity(1847 [MMM]),76.72,3855600.0
2011-10-11,Equity(1847 [MMM]),76.42,3320200.0
2011-10-12,Equity(1847 [MMM]),78.36,5663300.0
2011-10-13,Equity(1847 [MMM]),77.8,3726900.0
2011-10-14,Equity(1847 [MMM]),78.89,2840800.0
2011-10-17,Equity(1847 [MMM]),75.88,4359500.0
2011-10-18,Equity(1847 [MMM]),78.36,4167200.0
2011-10-19,Equity(1847 [MMM]),77.7,3865000.0
2011-10-20,Equity(1847 [MMM]),78.68,4087300.0
2011-10-21,Equity(1847 [MMM]),80.48,5125200.0
2011-10-24,Equity(1847 [MMM]),82.18,5428700.0
2011-10-25,Equity(1847 [MMM]),77.04,12651800.0
2011-10-26,Equity(1847 [MMM]),77.02,5788900.0
2011-10-27,Equity(1847 [MMM]),81.41,7413700.0
2011-10-28,Equity(1847 [MMM]),81.0,5252000.0
2011-10-31,Equity(1847 [MMM]),79.02,4022500.0
2011-11-01,Equity(1847 [MMM]),76.53,5772100.0
2011-11-02,Equity(1847 [MMM]),78.06,3559600.0
2011-11-03,Equity(1847 [MMM]),79.64,4337800.0
2011-11-04,Equity(1847 [MMM]),79.3,3771900.0
2011-11-07,Equity(1847 [MMM]),79.69,4311700.0
2011-11-08,Equity(1847 [MMM]),81.83,4230500.0
2011-11-09,Equity(1847 [MMM]),79.0,6393500.0
2011-11-10,Equity(1847 [MMM]),80.32,4646300.0
2011-11-11,Equity(1847 [MMM]),82.29,3645800.0
2011-11-14,Equity(1847 [MMM]),81.87,3168600.0
2011-11-15,Equity(1847 [MMM]),81.87,3602400.0
2011-11-16,Equity(1847 [MMM]),81.87,5097100.0
2011-11-17,Equity(1847 [MMM]),80.43,5077900.0
2011-11-18,Equity(1847 [MMM]),80.54,3928300.0
2011-11-21,Equity(1847 [MMM]),78.39,5438800.0
2011-11-22,Equity(1847 [MMM]),77.83,4170600.0
2011-11-23,Equity(1847 [MMM]),75.54,4149900.0
2011-11-25,Equity(1847 [MMM]),76.13,2094000.0
2011-11-28,Equity(1847 [MMM]),77.72,4923100.0
2011-11-29,Equity(1847 [MMM]),77.24,3853300.0
2011-11-30,Equity(1847 [MMM]),81.04,8721000.0
2011-12-01,Equity(1847 [MMM]),80.3,3867100.0
2011-12-02,Equity(1847 [MMM]),79.76,5578000.0
2011-12-05,Equity(1847 [MMM]),80.93,5910500.0
2011-12-06,Equity(1847 [MMM]),82.13,6011800.0
2011-12-07,Equity(1847 [MMM]),82.39,4306100.0
2011-12-08,Equity(1847 [MMM]),80.46,3980600.0
2011-12-09,Equity(1847 [MMM]),82.2,4075500.0
2011-12-12,Equity(1847 [MMM]),80.59,3338000.0
2011-12-13,Equity(1847 [MMM]),79.41,3975800.0
2011-12-14,Equity(1847 [MMM]),78.51,4203000.0
2011-12-15,Equity(1847 [MMM]),78.86,3247000.0
2011-12-16,Equity(1847 [MMM]),78.87,6492600.0
2011-12-19,Equity(1847 [MMM]),77.82,3485400.0
2011-12-20,Equity(1847 [MMM]),80.31,4660200.0
2011-12-21,Equity(1847 [MMM]),80.0,3611800.0
2011-12-22,Equity(1847 [MMM]),80.97,3164200.0
2011-12-23,Equity(1847 [MMM]),82.2,2042200.0
2011-12-27,Equity(1847 [MMM]),82.28,1722600.0
2011-12-28,Equity(1847 [MMM]),81.15,2613300.0
2011-12-29,Equity(1847 [MMM]),82.11,1935200.0
2011-12-30,Equity(1847 [MMM]),81.73,1706500.0
2012-01-03,Equity(1847 [MMM]),83.49,3380100.0
2012-01-04,Equity(1847 [MMM]),84.18,3007400.0
2012-01-05,Equity(1847 [MMM]),83.8,3116400.0
2012-01-06,Equity(1847 [MMM]),83.37,2839200.0
2012-01-09,Equity(1847 [MMM]),83.87,2796600.0
2012-01-10,Equity(1847 [MMM]),84.3,3438400.0
2012-01-11,Equity(1847 [MMM]),83.77,4465300.0
2012-01-12,Equity(1847 [MMM]),84.28,3649900.0
2012-01-13,Equity(1847 [MMM]),83.6,3092900.0
2012-01-17,Equity(1847 [MMM]),84.23,2694900.0
2012-01-18,Equity(1847 [MMM]),85.07,3721100.0
2012-01-19,Equity(1847 [MMM]),85.8,3413700.0
2012-01-20,Equity(1847 [MMM]),85.65,3522600.0
2012-01-23,Equity(1847 [MMM]),85.61,3494800.0
2012-01-24,Equity(1847 [MMM]),85.93,3895600.0
2012-01-25,Equity(1847 [MMM]),86.48,4412000.0
2012-01-26,Equity(1847 [MMM]),87.58,4898900.0
2012-01-27,Equity(1847 [MMM]),87.46,3747200.0
2012-01-30,Equity(1847 [MMM]),87.34,3148400.0
2012-01-31,Equity(1847 [MMM]),86.71,3552100.0
2012-02-01,Equity(1847 [MMM]),87.35,3005500.0
2012-02-02,Equity(1847 [MMM]),87.43,2288000.0
2012-02-03,Equity(1847 [MMM]),87.73,3195500.0
2012-02-06,Equity(1847 [MMM]),87.56,2189300.0
2012-02-07,Equity(1847 [MMM]),87.89,2959100.0
2012-02-08,Equity(1847 [MMM]),87.97,2522800.0
2012-02-09,Equity(1847 [MMM]),88.02,3031600.0
2012-02-10,Equity(1847 [MMM]),87.14,3085700.0
2012-02-13,Equity(1847 [MMM]),88.03,2530600.0
2012-02-14,Equity(1847 [MMM]),87.99,2850300.0
2012-02-15,Equity(1847 [MMM]),87.01,3647000.0
2012-02-16,Equity(1847 [MMM]),87.65,2548800.0
2012-02-17,Equity(1847 [MMM]),87.56,2834600.0
2012-02-21,Equity(1847 [MMM]),87.6,2406700.0
2012-02-22,Equity(1847 [MMM]),87.76,2650000.0
2012-02-23,Equity(1847 [MMM]),87.9,3531300.0
2012-02-24,Equity(1847 [MMM]),88.2,2524800.0
2012-02-27,Equity(1847 [MMM]),88.07,3012900.0
2012-02-28,Equity(1847 [MMM]),87.77,2497700.0
2012-02-29,Equity(1847 [MMM]),87.6,3277700.0
2012-03-01,Equity(1847 [MMM]),87.49,2525200.0
2012-03-02,Equity(1847 [MMM]),87.52,2820500.0
2012-03-05,Equity(1847 [MMM]),87.06,2701900.0
2012-03-06,Equity(1847 [MMM]),84.95,3547900.0
2012-03-07,Equity(1847 [MMM]),85.47,3150800.0
2012-03-08,Equity(1847 [MMM]),86.71,2603200.0
2012-03-09,Equity(1847 [MMM]),86.8,1958300.0
2012-03-12,Equity(1847 [MMM]),87.54,2049300.0
2012-03-13,Equity(1847 [MMM]),88.75,3107100.0
2012-03-14,Equity(1847 [MMM]),88.87,2960900.0
2012-03-15,Equity(1847 [MMM]),90.0,3252200.0
2012-03-16,Equity(1847 [MMM]),89.56,5007100.0
2012-03-19,Equity(1847 [MMM]),89.74,2585400.0
2012-03-20,Equity(1847 [MMM]),89.35,2485300.0
2012-03-21,Equity(1847 [MMM]),88.91,2433800.0
2012-03-22,Equity(1847 [MMM]),88.57,3064200.0
2012-03-23,Equity(1847 [MMM]),88.46,2326100.0
2012-03-26,Equity(1847 [MMM]),89.12,2572500.0
2012-03-27,Equity(1847 [MMM]),89.14,2308400.0
2012-03-28,Equity(1847 [MMM]),88.45,2289600.0
2012-03-29,Equity(1847 [MMM]),88.77,2207100.0
2012-03-30,Equity(1847 [MMM]),89.21,2471800.0
2012-04-02,Equity(1847 [MMM]),89.23,2640900.0
2012-04-03,Equity(1847 [MMM]),88.79,2298400.0
2012-04-04,Equity(1847 [MMM]),87.84,2392700.0
2012-04-05,Equity(1847 [MMM]),87.27,2048400.0
2012-04-09,Equity(1847 [MMM]),86.33,1932700.0
2012-04-10,Equity(1847 [MMM]),84.58,3651000.0
2012-04-11,Equity(1847 [MMM]),85.35,2527700.0
2012-04-12,Equity(1847 [MMM]),86.86,2476000.0
2012-04-13,Equity(1847 [MMM]),85.69,2609700.0
2012-04-16,Equity(1847 [MMM]),86.4,3060200.0
2012-04-17,Equity(1847 [MMM]),87.45,2354200.0
2012-04-18,Equity(1847 [MMM]),87.13,1781600.0
2012-04-19,Equity(1847 [MMM]),86.8,2565000.0
2012-04-20,Equity(1847 [MMM]),87.48,3177200.0
2012-04-23,Equity(1847 [MMM]),87.13,2769900.0
2012-04-24,Equity(1847 [MMM]),88.49,5701200.0
2012-04-25,Equity(1847 [MMM]),88.8,2962900.0
2012-04-26,Equity(1847 [MMM]),89.32,2750900.0
2012-04-27,Equity(1847 [MMM]),89.36,2618000.0
2012-04-30,Equity(1847 [MMM]),89.36,2072900.0
2012-05-01,Equity(1847 [MMM]),89.6,2294200.0
2012-05-02,Equity(1847 [MMM]),89.52,2100200.0
2012-05-03,Equity(1847 [MMM]),89.39,2343600.0
2012-05-04,Equity(1847 [MMM]),88.67,2823800.0
2012-05-07,Equity(1847 [MMM]),88.01,2753500.0
2012-05-08,Equity(1847 [MMM]),87.56,2710400.0
2012-05-09,Equity(1847 [MMM]),87.27,3192800.0
2012-05-10,Equity(1847 [MMM]),87.13,2828500.0
2012-05-11,Equity(1847 [MMM]),86.73,2601800.0
2012-05-14,Equity(1847 [MMM]),85.83,2631900.0
2012-05-15,Equity(1847 [MMM]),85.78,2611300.0
2012-05-16,Equity(1847 [MMM]),85.35,2770600.0
2012-05-17,Equity(1847 [MMM]),84.34,2777200.0
2012-05-18,Equity(1847 [MMM]),83.51,3602900.0
2012-05-21,Equity(1847 [MMM]),84.46,2450000.0
2012-05-22,Equity(1847 [MMM]),84.13,3000900.0
2012-05-23,Equity(1847 [MMM]),84.8,3200000.0
2012-05-24,Equity(1847 [MMM]),84.98,2322100.0
2012-05-25,Equity(1847 [MMM]),84.78,2346000.0
2012-05-29,Equity(1847 [MMM]),85.73,2142200.0
2012-05-30,Equity(1847 [MMM]),84.45,2697100.0
2012-05-31,Equity(1847 [MMM]),84.41,3683200.0
2012-06-01,Equity(1847 [MMM]),82.85,3539200.0
2012-06-04,Equity(1847 [MMM]),82.62,2899900.0
2012-06-05,Equity(1847 [MMM]),82.51,3268700.0
2012-06-06,Equity(1847 [MMM]),84.63,2776300.0
2012-06-07,Equity(1847 [MMM]),85.5,3032400.0
2012-06-08,Equity(1847 [MMM]),86.0,2146200.0
2012-06-11,Equity(1847 [MMM]),85.18,2098200.0
2012-06-12,Equity(1847 [MMM]),86.73,2570900.0
2012-06-13,Equity(1847 [MMM]),86.13,2661900.0
2012-06-14,Equity(1847 [MMM]),86.86,3334900.0
2012-06-15,Equity(1847 [MMM]),87.44,4696100.0
2012-06-18,Equity(1847 [MMM]),87.31,2950600.0
2012-06-19,Equity(1847 [MMM]),87.82,3212500.0
2012-06-20,Equity(1847 [MMM]),87.54,3446800.0
2012-06-21,Equity(1847 [MMM]),86.73,3722800.0
2012-06-22,Equity(1847 [MMM]),86.83,3026000.0
2012-06-25,Equity(1847 [MMM]),85.85,2908900.0
2012-06-26,Equity(1847 [MMM]),86.18,2389100.0
2012-06-27,Equity(1847 [MMM]),87.16,2887800.0
2012-06-28,Equity(1847 [MMM]),87.16,3267100.0
2012-06-29,Equity(1847 [MMM]),89.6,4629400.0
2012-07-02,Equity(1847 [MMM]),89.28,2289700.0
2012-07-03,Equity(1847 [MMM]),89.7,1410400.0
2012-07-05,Equity(1847 [MMM]),89.57,1924800.0
2012-07-06,Equity(1847 [MMM]),88.99,2192900.0
2012-07-09,Equity(1847 [MMM]),88.96,2600900.0
2012-07-10,Equity(1847 [MMM]),88.25,3356800.0
2012-07-11,Equity(1847 [MMM]),87.85,4208600.0
2012-07-12,Equity(1847 [MMM]),86.41,4938300.0
2012-07-13,Equity(1847 [MMM]),87.59,2599300.0
2012-07-16,Equity(1847 [MMM]),88.1,2848100.0
2012-07-17,Equity(1847 [MMM]),88.98,3078500.0
2012-07-18,Equity(1847 [MMM]),90.87,4273300.0
2012-07-19,Equity(1847 [MMM]),90.83,3355100.0
2012-07-20,Equity(1847 [MMM]),89.99,3024800.0
2012-07-23,Equity(1847 [MMM]),89.36,2434800.0
2012-07-24,Equity(1847 [MMM]),88.24,2850400.0
2012-07-25,Equity(1847 [MMM]),88.75,3541200.0
2012-07-26,Equity(1847 [MMM]),90.59,4759400.0
2012-07-27,Equity(1847 [MMM]),91.71,3915400.0
2012-07-30,Equity(1847 [MMM]),91.28,2714900.0
2012-07-31,Equity(1847 [MMM]),91.23,2720200.0
2012-08-01,Equity(1847 [MMM]),91.2,2149700.0
2012-08-02,Equity(1847 [MMM]),90.08,2949800.0
2012-08-03,Equity(1847 [MMM]),91.7,2713500.0
2012-08-06,Equity(1847 [MMM]),91.41,1858500.0
2012-08-07,Equity(1847 [MMM]),91.7,1764800.0
2012-08-08,Equity(1847 [MMM]),91.63,2022300.0
2012-08-09,Equity(1847 [MMM]),91.59,1834900.0
2012-08-10,Equity(1847 [MMM]),92.29,1755100.0
2012-08-13,Equity(1847 [MMM]),92.4,2075400.0
2012-08-14,Equity(1847 [MMM]),92.3,1843500.0
2012-08-15,Equity(1847 [MMM]),92.54,1983400.0
2012-08-16,Equity(1847 [MMM]),93.74,3395200.0
2012-08-17,Equity(1847 [MMM]),94.24,3069600.0
2012-08-20,Equity(1847 [MMM]),93.89,1639500.0
2012-08-21,Equity(1847 [MMM]),93.21,2302800.0
2012-08-22,Equity(1847 [MMM]),92.68,2464000.0
2012-08-23,Equity(1847 [MMM]),91.98,1823500.0
2012-08-24,Equity(1847 [MMM]),92.83,1945800.0
2012-08-27,Equity(1847 [MMM]),92.59,1880000.0
2012-08-28,Equity(1847 [MMM]),92.3,1913000.0
2012-08-29,Equity(1847 [MMM]),92.43,1736000.0
2012-08-30,Equity(1847 [MMM]),91.76,1729600.0
2012-08-31,Equity(1847 [MMM]),92.6,1917300.0
2012-09-04,Equity(1847 [MMM]),91.68,2532300.0
2012-09-05,Equity(1847 [MMM]),91.75,2985500.0
2012-09-06,Equity(1847 [MMM]),93.28,3223400.0
2012-09-07,Equity(1847 [MMM]),92.82,3215400.0
2012-09-10,Equity(1847 [MMM]),90.67,6356100.0
2012-09-11,Equity(1847 [MMM]),91.17,2403400.0
2012-09-12,Equity(1847 [MMM]),90.81,2409600.0
2012-09-13,Equity(1847 [MMM]),92.06,2729300.0
2012-09-14,Equity(1847 [MMM]),93.98,4993000.0
2012-09-17,Equity(1847 [MMM]),93.78,3290300.0
2012-09-18,Equity(1847 [MMM]),93.43,2477500.0
2012-09-19,Equity(1847 [MMM]),93.63,2723500.0
2012-09-20,Equity(1847 [MMM]),93.58,2075600.0
2012-09-21,Equity(1847 [MMM]),93.21,9547000.0
2012-09-24,Equity(1847 [MMM]),93.73,3037400.0
2012-09-25,Equity(1847 [MMM]),92.83,3800400.0
2012-09-26,Equity(1847 [MMM]),92.59,2612900.0
2012-09-27,Equity(1847 [MMM]),92.82,2081400.0
2012-09-28,Equity(1847 [MMM]),92.42,2559500.0
2012-10-01,Equity(1847 [MMM]),93.29,3900600.0
2012-10-02,Equity(1847 [MMM]),93.54,3602300.0
2012-10-03,Equity(1847 [MMM]),93.78,2610300.0
2012-10-04,Equity(1847 [MMM]),94.43,2531400.0
2012-10-05,Equity(1847 [MMM]),94.96,3663600.0
2012-10-08,Equity(1847 [MMM]),95.37,2607600.0
2012-10-09,Equity(1847 [MMM]),93.94,2989500.0
2012-10-10,Equity(1847 [MMM]),93.28,2561600.0
2012-10-11,Equity(1847 [MMM]),92.83,2429200.0
2012-10-12,Equity(1847 [MMM]),92.75,2566100.0
2012-10-15,Equity(1847 [MMM]),92.79,2916300.0
2012-10-16,Equity(1847 [MMM]),94.23,2857500.0
2012-10-17,Equity(1847 [MMM]),94.81,3191800.0
2012-10-18,Equity(1847 [MMM]),94.74,2538800.0
2012-10-19,Equity(1847 [MMM]),92.94,3804100.0
2012-10-22,Equity(1847 [MMM]),92.53,3130800.0
2012-10-23,Equity(1847 [MMM]),88.73,5866000.0
2012-10-24,Equity(1847 [MMM]),88.39,3321300.0
2012-10-25,Equity(1847 [MMM]),87.81,4613900.0
2012-10-26,Equity(1847 [MMM]),88.03,3592600.0
2012-10-31,Equity(1847 [MMM]),87.6,3360400.0
2012-11-01,Equity(1847 [MMM]),89.25,3306600.0
2012-11-02,Equity(1847 [MMM]),88.97,3051900.0
2012-11-05,Equity(1847 [MMM]),89.6,2387800.0
2012-11-06,Equity(1847 [MMM]),90.86,2806100.0
2012-11-07,Equity(1847 [MMM]),89.38,4593100.0
2012-11-08,Equity(1847 [MMM]),88.55,3005900.0
2012-11-09,Equity(1847 [MMM]),88.81,3176400.0
2012-11-12,Equity(1847 [MMM]),89.18,2220100.0
2012-11-13,Equity(1847 [MMM]),89.08,2985900.0
2012-11-14,Equity(1847 [MMM]),87.31,2882700.0
2012-11-15,Equity(1847 [MMM]),88.02,3291600.0
2012-11-16,Equity(1847 [MMM]),88.5,5237100.0
2012-11-19,Equity(1847 [MMM]),89.57,2688600.0
2012-11-20,Equity(1847 [MMM]),89.02,2035100.0
2012-11-21,Equity(1847 [MMM]),88.94,2011300.0
2012-11-23,Equity(1847 [MMM]),90.28,1101100.0
2012-11-26,Equity(1847 [MMM]),90.09,1910200.0
2012-11-27,Equity(1847 [MMM]),90.31,2504200.0
2012-11-28,Equity(1847 [MMM]),90.93,2426200.0
2012-11-29,Equity(1847 [MMM]),90.65,2364000.0
2012-11-30,Equity(1847 [MMM]),90.95,2284900.0
2012-12-03,Equity(1847 [MMM]),90.3,1929200.0
2012-12-04,Equity(1847 [MMM]),90.12,1969800.0
2012-12-05,Equity(1847 [MMM]),90.76,2996600.0
2012-12-06,Equity(1847 [MMM]),90.95,2027700.0
2012-12-07,Equity(1847 [MMM]),91.51,2476400.0
2012-12-10,Equity(1847 [MMM]),91.87,2847700.0
2012-12-11,Equity(1847 [MMM]),93.68,3821600.0
2012-12-12,Equity(1847 [MMM]),93.12,4064900.0
2012-12-13,Equity(1847 [MMM]),92.5,2621400.0
2012-12-14,Equity(1847 [MMM]),92.28,2709000.0
2012-12-17,Equity(1847 [MMM]),93.03,2750700.0
2012-12-18,Equity(1847 [MMM]),93.85,2800000.0
2012-12-19,Equity(1847 [MMM]),93.02,3254800.0
2012-12-20,Equity(1847 [MMM]),94.13,3289800.0
2012-12-21,Equity(1847 [MMM]),93.1,5975500.0
2012-12-24,Equity(1847 [MMM]),93.19,953400.0
2012-12-26,Equity(1847 [MMM]),93.07,1542900.0
2012-12-27,Equity(1847 [MMM]),92.64,2360900.0
2012-12-28,Equity(1847 [MMM]),91.78,1877300.0
2012-12-31,Equity(1847 [MMM]),92.85,2580600.0
2013-01-02,Equity(1847 [MMM]),94.78,3206700.0
2013-01-03,Equity(1847 [MMM]),94.67,2704600.0
2013-01-04,Equity(1847 [MMM]),95.37,2704900.0
2013-01-07,Equity(1847 [MMM]),95.49,2745800.0
2013-01-08,Equity(1847 [MMM]),95.5,2655500.0
2013-01-09,Equity(1847 [MMM]),96.41,2359700.0
2013-01-10,Equity(1847 [MMM]),96.89,2600600.0
2013-01-11,Equity(1847 [MMM]),96.28,2923900.0
2013-01-14,Equity(1847 [MMM]),97.08,2592500.0
2013-01-15,Equity(1847 [MMM]),97.29,2106400.0
2013-01-16,Equity(1847 [MMM]),97.6,2092300.0
2013-01-17,Equity(1847 [MMM]),98.08,2803900.0
2013-01-18,Equity(1847 [MMM]),98.74,3187900.0
2013-01-22,Equity(1847 [MMM]),99.33,3215200.0
2013-01-23,Equity(1847 [MMM]),99.49,3579300.0
2013-01-24,Equity(1847 [MMM]),99.67,3816300.0
2013-01-25,Equity(1847 [MMM]),100.59,4237800.0
2013-01-28,Equity(1847 [MMM]),100.65,2964900.0
2013-01-29,Equity(1847 [MMM]),101.81,3530700.0
2013-01-30,Equity(1847 [MMM]),100.8,2822800.0
2013-01-31,Equity(1847 [MMM]),100.55,3763100.0
2013-02-01,Equity(1847 [MMM]),101.56,3853600.0
2013-02-04,Equity(1847 [MMM]),100.77,1987600.0
2013-02-05,Equity(1847 [MMM]),101.49,2833100.0
2013-02-06,Equity(1847 [MMM]),102.69,3510600.0
2013-02-07,Equity(1847 [MMM]),102.22,2277600.0
2013-02-08,Equity(1847 [MMM]),102.66,1937800.0
2013-02-11,Equity(1847 [MMM]),102.62,1715500.0
2013-02-12,Equity(1847 [MMM]),103.46,1928000.0
2013-02-13,Equity(1847 [MMM]),102.86,1699900.0
2013-02-14,Equity(1847 [MMM]),102.78,2217500.0
2013-02-15,Equity(1847 [MMM]),103.23,2326200.0
2013-02-19,Equity(1847 [MMM]),104.18,2988500.0
2013-02-20,Equity(1847 [MMM]),103.15,2995400.0
2013-02-21,Equity(1847 [MMM]),102.72,2758000.0
2013-02-22,Equity(1847 [MMM]),103.54,2158100.0
2013-02-25,Equity(1847 [MMM]),101.75,3021900.0
2013-02-26,Equity(1847 [MMM]),102.31,2471900.0
2013-02-27,Equity(1847 [MMM]),103.57,2353700.0
2013-02-28,Equity(1847 [MMM]),104.0,2870100.0
2013-03-01,Equity(1847 [MMM]),103.77,2660400.0
2013-03-04,Equity(1847 [MMM]),103.28,2566300.0
2013-03-05,Equity(1847 [MMM]),104.45,2632200.0
2013-03-06,Equity(1847 [MMM]),104.66,3470300.0
2013-03-07,Equity(1847 [MMM]),104.54,1875200.0
2013-03-08,Equity(1847 [MMM]),105.71,2357200.0
2013-03-11,Equity(1847 [MMM]),105.81,1720600.0
2013-03-12,Equity(1847 [MMM]),105.13,2226800.0
2013-03-13,Equity(1847 [MMM]),105.09,2059600.0
2013-03-14,Equity(1847 [MMM]),106.02,2203400.0
2013-03-15,Equity(1847 [MMM]),106.4,5148400.0
2013-03-18,Equity(1847 [MMM]),105.41,1811400.0
2013-03-19,Equity(1847 [MMM]),105.18,3211400.0
2013-03-20,Equity(1847 [MMM]),105.66,1799500.0
2013-03-21,Equity(1847 [MMM]),104.94,1937300.0
2013-03-22,Equity(1847 [MMM]),106.42,2409800.0
2013-03-25,Equity(1847 [MMM]),105.17,3739200.0
2013-03-26,Equity(1847 [MMM]),106.07,1893500.0
2013-03-27,Equity(1847 [MMM]),105.29,2129500.0
2013-03-28,Equity(1847 [MMM]),106.31,2276700.0
2013-04-01,Equity(1847 [MMM]),105.65,1684300.0
2013-04-02,Equity(1847 [MMM]),106.52,2097500.0
2013-04-03,Equity(1847 [MMM]),105.68,3278900.0
2013-04-04,Equity(1847 [MMM]),105.82,1771200.0
2013-04-05,Equity(1847 [MMM]),105.78,2477800.0
2013-04-08,Equity(1847 [MMM]),105.75,1947700.0
2013-04-09,Equity(1847 [MMM]),105.95,2370600.0
2013-04-10,Equity(1847 [MMM]),107.69,3262400.0
2013-04-11,Equity(1847 [MMM]),108.25,2137800.0
2013-04-12,Equity(1847 [MMM]),107.68,2111400.0
2013-04-15,Equity(1847 [MMM]),105.76,3677400.0
2013-04-16,Equity(1847 [MMM]),106.15,2636800.0
2013-04-17,Equity(1847 [MMM]),105.48,3155300.0
2013-04-18,Equity(1847 [MMM]),104.98,3144700.0
2013-04-19,Equity(1847 [MMM]),105.71,3323000.0
2013-04-22,Equity(1847 [MMM]),105.8,2646800.0
2013-04-23,Equity(1847 [MMM]),107.39,3209800.0
2013-04-24,Equity(1847 [MMM]),107.87,3238200.0
2013-04-25,Equity(1847 [MMM]),104.88,9027000.0
2013-04-26,Equity(1847 [MMM]),103.79,3359400.0
2013-04-29,Equity(1847 [MMM]),103.83,2903700.0
2013-04-30,Equity(1847 [MMM]),104.71,3768800.0
2013-05-01,Equity(1847 [MMM]),104.55,3258900.0
2013-05-02,Equity(1847 [MMM]),106.04,3119500.0
2013-05-03,Equity(1847 [MMM]),107.83,3013100.0
2013-05-06,Equity(1847 [MMM]),107.84,2174400.0
2013-05-07,Equity(1847 [MMM]),108.01,2235200.0
2013-05-08,Equity(1847 [MMM]),108.2,2654400.0
2013-05-09,Equity(1847 [MMM]),109.92,4487000.0
2013-05-10,Equity(1847 [MMM]),110.48,2993300.0
2013-05-13,Equity(1847 [MMM]),110.5,2044400.0
2013-05-14,Equity(1847 [MMM]),110.59,2481000.0
2013-05-15,Equity(1847 [MMM]),111.5,2912600.0
2013-05-16,Equity(1847 [MMM]),111.07,2685900.0
2013-05-17,Equity(1847 [MMM]),111.39,4060400.0
2013-05-20,Equity(1847 [MMM]),111.72,2457300.0
2013-05-21,Equity(1847 [MMM]),112.01,2473300.0
2013-05-22,Equity(1847 [MMM]),110.79,3833200.0
2013-05-23,Equity(1847 [MMM]),110.41,2568400.0
2013-05-24,Equity(1847 [MMM]),110.27,2228400.0
2013-05-28,Equity(1847 [MMM]),111.59,2722000.0
2013-05-29,Equity(1847 [MMM]),111.13,2113600.0
2013-05-30,Equity(1847 [MMM]),111.42,2599200.0
2013-05-31,Equity(1847 [MMM]),110.27,3207700.0
2013-06-03,Equity(1847 [MMM]),110.61,2647100.0
2013-06-04,Equity(1847 [MMM]),110.02,2508500.0
2013-06-05,Equity(1847 [MMM]),108.59,2690400.0
2013-06-06,Equity(1847 [MMM]),108.67,2680800.0
2013-06-07,Equity(1847 [MMM]),111.11,3374900.0
2013-06-10,Equity(1847 [MMM]),110.81,2224100.0
2013-06-11,Equity(1847 [MMM]),110.22,1752100.0
2013-06-12,Equity(1847 [MMM]),109.03,2400700.0
2013-06-13,Equity(1847 [MMM]),111.2,2604200.0
2013-06-14,Equity(1847 [MMM]),111.03,2016800.0
2013-06-17,Equity(1847 [MMM]),111.91,2617800.0
2013-06-18,Equity(1847 [MMM]),112.97,1695300.0
2013-06-19,Equity(1847 [MMM]),111.57,1971700.0
2013-06-20,Equity(1847 [MMM]),108.78,2975600.0
2013-06-21,Equity(1847 [MMM]),109.59,4674400.0
2013-06-24,Equity(1847 [MMM]),107.5,3602500.0
2013-06-25,Equity(1847 [MMM]),108.24,2676700.0
2013-06-26,Equity(1847 [MMM]),109.68,2524400.0
2013-06-27,Equity(1847 [MMM]),110.24,2229600.0
2013-06-28,Equity(1847 [MMM]),109.35,3428500.0
2013-07-01,Equity(1847 [MMM]),109.31,2668800.0
2013-07-02,Equity(1847 [MMM]),108.73,3008800.0
2013-07-03,Equity(1847 [MMM]),109.45,1358800.0
2013-07-05,Equity(1847 [MMM]),111.54,2064500.0
2013-07-08,Equity(1847 [MMM]),112.13,2571600.0
2013-07-09,Equity(1847 [MMM]),113.35,2196200.0
2013-07-10,Equity(1847 [MMM]),113.43,2307500.0
2013-07-11,Equity(1847 [MMM]),114.53,2387500.0
2013-07-12,Equity(1847 [MMM]),115.14,2291700.0
2013-07-15,Equity(1847 [MMM]),114.85,2064400.0
2013-07-16,Equity(1847 [MMM]),114.34,2458400.0
2013-07-17,Equity(1847 [MMM]),114.64,2096600.0
2013-07-18,Equity(1847 [MMM]),115.48,2945800.0
2013-07-19,Equity(1847 [MMM]),116.19,3093900.0
2013-07-22,Equity(1847 [MMM]),116.28,2823500.0
2013-07-23,Equity(1847 [MMM]),116.75,2254400.0
2013-07-24,Equity(1847 [MMM]),116.33,1808800.0
2013-07-25,Equity(1847 [MMM]),116.55,3346700.0
2013-07-26,Equity(1847 [MMM]),116.91,2332200.0
2013-07-29,Equity(1847 [MMM]),116.61,1460400.0
2013-07-30,Equity(1847 [MMM]),116.84,2285200.0
2013-07-31,Equity(1847 [MMM]),117.43,2694000.0
2013-08-01,Equity(1847 [MMM]),118.41,2997000.0
2013-08-02,Equity(1847 [MMM]),118.26,1899300.0
2013-08-05,Equity(1847 [MMM]),117.92,1351800.0
2013-08-06,Equity(1847 [MMM]),117.5,1841100.0
2013-08-07,Equity(1847 [MMM]),117.83,1934000.0
2013-08-08,Equity(1847 [MMM]),118.68,2380600.0
2013-08-09,Equity(1847 [MMM]),118.31,2460100.0
2013-08-12,Equity(1847 [MMM]),118.38,1647400.0
2013-08-13,Equity(1847 [MMM]),118.67,2023300.0
2013-08-14,Equity(1847 [MMM]),117.62,2021400.0
2013-08-15,Equity(1847 [MMM]),115.85,1994900.0
2013-08-16,Equity(1847 [MMM]),115.9,2332800.0
2013-08-19,Equity(1847 [MMM]),115.61,1829300.0
2013-08-20,Equity(1847 [MMM]),115.42,2153600.0
2013-08-21,Equity(1847 [MMM]),113.42,2293700.0
2013-08-22,Equity(1847 [MMM]),114.67,2002000.0
2013-08-23,Equity(1847 [MMM]),114.4,1953300.0
2013-08-26,Equity(1847 [MMM]),114.33,1815700.0
2013-08-27,Equity(1847 [MMM]),112.73,1907500.0
2013-08-28,Equity(1847 [MMM]),113.0,1545800.0
2013-08-29,Equity(1847 [MMM]),113.32,1457200.0
2013-08-30,Equity(1847 [MMM]),113.58,2205600.0
2013-09-03,Equity(1847 [MMM]),113.22,2168100.0
2013-09-04,Equity(1847 [MMM]),114.55,2312200.0
2013-09-05,Equity(1847 [MMM]),114.87,1947900.0
2013-09-06,Equity(1847 [MMM]),115.04,1965600.0
2013-09-09,Equity(1847 [MMM]),116.74,1976800.0
2013-09-10,Equity(1847 [MMM]),117.59,2572800.0
2013-09-11,Equity(1847 [MMM]),118.71,1889000.0
2013-09-12,Equity(1847 [MMM]),118.2,2399700.0
2013-09-13,Equity(1847 [MMM]),118.6,1973300.0
2013-09-16,Equity(1847 [MMM]),119.23,2756300.0
2013-09-17,Equity(1847 [MMM]),119.93,2436000.0
2013-09-18,Equity(1847 [MMM]),121.29,3307700.0
2013-09-19,Equity(1847 [MMM]),121.57,2912400.0
2013-09-20,Equity(1847 [MMM]),120.01,6999000.0
2013-09-23,Equity(1847 [MMM]),121.11,3468500.0
2013-09-24,Equity(1847 [MMM]),120.8,3585100.0
2013-09-25,Equity(1847 [MMM]),120.2,2173400.0
2013-09-26,Equity(1847 [MMM]),120.66,2240900.0
2013-09-27,Equity(1847 [MMM]),120.22,2028100.0
2013-09-30,Equity(1847 [MMM]),119.41,2104700.0
2013-10-01,Equity(1847 [MMM]),119.62,1854800.0
2013-10-02,Equity(1847 [MMM]),119.2,2056500.0
2013-10-03,Equity(1847 [MMM]),118.55,2525800.0
2013-10-04,Equity(1847 [MMM]),119.4,1983700.0
2013-10-07,Equity(1847 [MMM]),118.69,1931200.0
2013-10-08,Equity(1847 [MMM]),117.16,2869000.0
2013-10-09,Equity(1847 [MMM]),117.57,2499200.0
2013-10-10,Equity(1847 [MMM]),119.34,2688800.0
2013-10-11,Equity(1847 [MMM]),120.72,2492700.0
2013-10-14,Equity(1847 [MMM]),121.4,1866800.0
2013-10-15,Equity(1847 [MMM]),119.82,2720500.0
2013-10-16,Equity(1847 [MMM]),120.94,2646400.0
2013-10-17,Equity(1847 [MMM]),122.62,2791700.0
2013-10-18,Equity(1847 [MMM]),122.84,2590500.0
2013-10-21,Equity(1847 [MMM]),123.25,1762200.0
2013-10-22,Equity(1847 [MMM]),123.8,2053500.0
2013-10-23,Equity(1847 [MMM]),123.2,2337500.0
2013-10-24,Equity(1847 [MMM]),123.49,3851100.0
2013-10-25,Equity(1847 [MMM]),124.42,2054300.0
2013-10-28,Equity(1847 [MMM]),124.92,2358400.0
2013-10-29,Equity(1847 [MMM]),125.28,1986700.0
2013-10-30,Equity(1847 [MMM]),124.79,2107700.0
2013-10-31,Equity(1847 [MMM]),125.85,2327200.0
2013-11-01,Equity(1847 [MMM]),125.9,1676600.0
2013-11-04,Equity(1847 [MMM]),126.32,1741500.0
2013-11-05,Equity(1847 [MMM]),126.12,1757900.0
2013-11-06,Equity(1847 [MMM]),127.13,1910300.0
2013-11-07,Equity(1847 [MMM]),126.41,3188900.0
2013-11-08,Equity(1847 [MMM]),127.99,2234300.0
2013-11-11,Equity(1847 [MMM]),127.95,1751500.0
2013-11-12,Equity(1847 [MMM]),128.36,2428600.0
2013-11-13,Equity(1847 [MMM]),128.59,2426300.0
2013-11-14,Equity(1847 [MMM]),129.79,2569800.0
2013-11-15,Equity(1847 [MMM]),129.85,2360400.0
2013-11-18,Equity(1847 [MMM]),130.13,2148200.0
2013-11-19,Equity(1847 [MMM]),130.05,2532500.0
2013-11-20,Equity(1847 [MMM]),129.18,2691800.0
2013-11-21,Equity(1847 [MMM]),130.35,1576100.0
2013-11-22,Equity(1847 [MMM]),131.02,1644800.0
2013-11-25,Equity(1847 [MMM]),131.23,2496300.0
2013-11-26,Equity(1847 [MMM]),132.15,4229600.0
2013-11-27,Equity(1847 [MMM]),133.5,2433500.0
2013-11-29,Equity(1847 [MMM]),133.51,2029000.0
2013-12-02,Equity(1847 [MMM]),127.68,6897900.0
2013-12-03,Equity(1847 [MMM]),126.6,7864500.0
2013-12-04,Equity(1847 [MMM]),126.46,3450700.0
2013-12-05,Equity(1847 [MMM]),126.83,2842700.0
2013-12-06,Equity(1847 [MMM]),128.61,2886100.0
2013-12-09,Equity(1847 [MMM]),128.57,2064400.0
2013-12-10,Equity(1847 [MMM]),127.55,2353100.0
2013-12-11,Equity(1847 [MMM]),126.77,3897500.0
2013-12-12,Equity(1847 [MMM]),126.58,2486700.0
2013-12-13,Equity(1847 [MMM]),126.43,1743400.0
2013-12-16,Equity(1847 [MMM]),127.66,2805300.0
2013-12-17,Equity(1847 [MMM]),131.39,6206800.0
2013-12-18,Equity(1847 [MMM]),135.8,5580000.0
2013-12-19,Equity(1847 [MMM]),136.41,4080900.0
2013-12-20,Equity(1847 [MMM]),136.72,5856800.0
2013-12-23,Equity(1847 [MMM]),136.8,3439600.0
2013-12-24,Equity(1847 [MMM]),136.99,1311700.0
2013-12-26,Equity(1847 [MMM]),138.29,2158200.0
2013-12-27,Equity(1847 [MMM]),139.35,1894900.0
2013-12-30,Equity(1847 [MMM]),139.42,1714300.0
2013-12-31,Equity(1847 [MMM]),140.25,1846500.0
2014-01-02,Equity(1847 [MMM]),138.13,3052100.0
2014-01-03,Equity(1847 [MMM]),138.45,2133300.0
2014-01-06,Equity(1847 [MMM]),137.63,2712100.0
2014-01-07,Equity(1847 [MMM]),137.65,2525500.0
2014-01-08,Equity(1847 [MMM]),136.63,3122700.0
2014-01-09,Equity(1847 [MMM]),136.45,2539900.0
2014-01-10,Equity(1847 [MMM]),136.18,3254300.0
2014-01-13,Equity(1847 [MMM]),134.68,2633400.0
2014-01-14,Equity(1847 [MMM]),137.41,2479700.0
2014-01-15,Equity(1847 [MMM]),138.44,3025900.0
2014-01-16,Equity(1847 [MMM]),138.16,1792700.0
2014-01-17,Equity(1847 [MMM]),137.31,2327900.0
2014-01-21,Equity(1847 [MMM]),136.99,2705700.0
2014-01-22,Equity(1847 [MMM]),136.48,2118800.0
2014-01-23,Equity(1847 [MMM]),134.71,2720300.0
2014-01-24,Equity(1847 [MMM]),130.22,3776100.0
2014-01-27,Equity(1847 [MMM]),128.96,3312800.0
2014-01-28,Equity(1847 [MMM]),129.81,2734200.0
2014-01-29,Equity(1847 [MMM]),130.25,3584000.0
2014-01-30,Equity(1847 [MMM]),128.05,4102600.0
2014-01-31,Equity(1847 [MMM]),128.19,3715400.0
2014-02-03,Equity(1847 [MMM]),123.9,4245100.0
2014-02-04,Equity(1847 [MMM]),126.72,7412500.0
2014-02-05,Equity(1847 [MMM]),127.36,4960000.0
2014-02-06,Equity(1847 [MMM]),128.9,3828400.0
2014-02-07,Equity(1847 [MMM]),130.33,3263200.0
2014-02-10,Equity(1847 [MMM]),129.7,3317400.0
2014-02-11,Equity(1847 [MMM]),130.98,2604000.0
2014-02-12,Equity(1847 [MMM]),130.44,2100600.0
2014-02-13,Equity(1847 [MMM]),130.14,2850600.0
2014-02-14,Equity(1847 [MMM]),132.12,3030000.0
2014-02-18,Equity(1847 [MMM]),131.8,2876500.0
2014-02-19,Equity(1847 [MMM]),130.56,2719400.0
2014-02-20,Equity(1847 [MMM]),131.56,2155800.0
2014-02-21,Equity(1847 [MMM]),131.57,2574300.0
2014-02-24,Equity(1847 [MMM]),132.2,2454300.0
2014-02-25,Equity(1847 [MMM]),132.93,2863100.0
2014-02-26,Equity(1847 [MMM]),132.86,2771100.0
2014-02-27,Equity(1847 [MMM]),134.34,3124000.0
2014-02-28,Equity(1847 [MMM]),134.73,3179400.0
2014-03-03,Equity(1847 [MMM]),132.21,2814400.0
2014-03-04,Equity(1847 [MMM]),132.68,6975500.0
2014-03-05,Equity(1847 [MMM]),133.85,3551400.0
2014-03-06,Equity(1847 [MMM]),134.08,2236800.0
2014-03-07,Equity(1847 [MMM]),134.11,2381400.0
2014-03-10,Equity(1847 [MMM]),133.56,1966100.0
2014-03-11,Equity(1847 [MMM]),132.51,1928900.0
2014-03-12,Equity(1847 [MMM]),132.57,2637000.0
2014-03-13,Equity(1847 [MMM]),130.81,2520700.0
2014-03-14,Equity(1847 [MMM]),129.83,2975100.0
2014-03-17,Equity(1847 [MMM]),132.27,2529400.0
2014-03-18,Equity(1847 [MMM]),132.74,2032800.0
2014-03-19,Equity(1847 [MMM]),131.23,2141000.0
2014-03-20,Equity(1847 [MMM]),132.43,2577500.0
2014-03-21,Equity(1847 [MMM]),133.12,5920400.0
2014-03-24,Equity(1847 [MMM]),132.42,2793600.0
2014-03-25,Equity(1847 [MMM]),134.06,2897600.0
2014-03-26,Equity(1847 [MMM]),133.09,2318900.0
2014-03-27,Equity(1847 [MMM]),132.84,2402500.0
2014-03-28,Equity(1847 [MMM]),134.2,1906500.0
2014-03-31,Equity(1847 [MMM]),135.66,2711800.0
2014-04-01,Equity(1847 [MMM]),136.53,2370800.0
2014-04-02,Equity(1847 [MMM]),136.0,3281400.0
2014-04-03,Equity(1847 [MMM]),136.14,2676200.0
2014-04-04,Equity(1847 [MMM]),135.86,2735300.0
2014-04-07,Equity(1847 [MMM]),134.4,2807500.0
2014-04-08,Equity(1847 [MMM]),134.84,2893600.0
2014-04-09,Equity(1847 [MMM]),135.84,2671900.0
2014-04-10,Equity(1847 [MMM]),133.97,2857200.0
2014-04-11,Equity(1847 [MMM]),132.39,2368200.0
2014-04-14,Equity(1847 [MMM]),133.15,2058100.0
2014-04-15,Equity(1847 [MMM]),134.09,2119000.0
2014-04-16,Equity(1847 [MMM]),136.77,2135200.0
2014-04-17,Equity(1847 [MMM]),137.73,2645600.0
2014-04-21,Equity(1847 [MMM]),138.62,1781100.0
2014-04-22,Equity(1847 [MMM]),138.89,2252500.0
2014-04-23,Equity(1847 [MMM]),137.99,2847500.0
2014-04-24,Equity(1847 [MMM]),136.65,2847800.0
2014-04-25,Equity(1847 [MMM]),136.56,2093100.0
2014-04-28,Equity(1847 [MMM]),137.23,2244300.0
2014-04-29,Equity(1847 [MMM]),137.55,1820900.0
2014-04-30,Equity(1847 [MMM]),139.09,2904000.0
2014-05-01,Equity(1847 [MMM]),140.81,3997400.0
2014-05-02,Equity(1847 [MMM]),140.12,5758500.0
2014-05-05,Equity(1847 [MMM]),140.61,2710900.0
2014-05-06,Equity(1847 [MMM]),139.29,2299700.0
2014-05-07,Equity(1847 [MMM]),141.14,2238500.0
2014-05-08,Equity(1847 [MMM]),140.83,1939400.0
2014-05-09,Equity(1847 [MMM]),141.34,2093000.0
2014-05-12,Equity(1847 [MMM]),142.82,2972100.0
2014-05-13,Equity(1847 [MMM]),142.43,1695400.0
2014-05-14,Equity(1847 [MMM]),141.6,2113400.0
2014-05-15,Equity(1847 [MMM]),140.98,2388400.0
2014-05-16,Equity(1847 [MMM]),141.13,1901700.0
2014-05-19,Equity(1847 [MMM]),141.67,1529200.0
2014-05-20,Equity(1847 [MMM]),140.23,1845100.0
2014-05-21,Equity(1847 [MMM]),140.66,1641000.0
2014-05-22,Equity(1847 [MMM]),140.31,1550100.0
2014-05-23,Equity(1847 [MMM]),141.14,1209400.0
2014-05-27,Equity(1847 [MMM]),141.44,1512300.0
2014-05-28,Equity(1847 [MMM]),141.43,1566100.0
2014-05-29,Equity(1847 [MMM]),142.39,1624100.0
2014-05-30,Equity(1847 [MMM]),142.55,3908500.0
2014-06-02,Equity(1847 [MMM]),142.32,1682300.0
2014-06-03,Equity(1847 [MMM]),142.89,2061700.0
2014-06-04,Equity(1847 [MMM]),142.26,1335700.0
2014-06-05,Equity(1847 [MMM]),143.71,1542300.0
2014-06-06,Equity(1847 [MMM]),144.64,1768700.0
2014-06-09,Equity(1847 [MMM]),145.32,1800900.0
2014-06-10,Equity(1847 [MMM]),144.97,1700000.0
2014-06-11,Equity(1847 [MMM]),144.41,1489900.0
2014-06-12,Equity(1847 [MMM]),143.07,1839400.0
2014-06-13,Equity(1847 [MMM]),143.36,1376200.0
2014-06-16,Equity(1847 [MMM]),143.32,1274300.0
2014-06-17,Equity(1847 [MMM]),143.69,1209400.0
2014-06-18,Equity(1847 [MMM]),144.33,1340700.0
2014-06-19,Equity(1847 [MMM]),144.49,1560500.0
2014-06-20,Equity(1847 [MMM]),145.16,4204600.0
2014-06-23,Equity(1847 [MMM]),144.09,1390200.0
2014-06-24,Equity(1847 [MMM]),143.09,1404500.0
2014-06-25,Equity(1847 [MMM]),143.65,1321800.0
2014-06-26,Equity(1847 [MMM]),143.73,1490900.0
2014-06-27,Equity(1847 [MMM]),143.69,1981800.0
2014-06-30,Equity(1847 [MMM]),143.24,1878400.0
2014-07-01,Equity(1847 [MMM]),144.56,1767600.0
2014-07-02,Equity(1847 [MMM]),145.23,1621300.0
2014-07-03,Equity(1847 [MMM]),145.41,1142200.0
2014-07-07,Equity(1847 [MMM]),144.91,1257900.0
2014-07-08,Equity(1847 [MMM]),144.56,1596700.0
2014-07-09,Equity(1847 [MMM]),144.68,1521800.0
2014-07-10,Equity(1847 [MMM]),143.89,2070100.0
2014-07-11,Equity(1847 [MMM]),144.31,1907900.0
2014-07-14,Equity(1847 [MMM]),145.0,2114600.0
2014-07-15,Equity(1847 [MMM]),145.06,1955700.0
2014-07-16,Equity(1847 [MMM]),146.17,1969200.0
2014-07-17,Equity(1847 [MMM]),143.54,2776500.0
2014-07-18,Equity(1847 [MMM]),144.83,2133000.0
2014-07-21,Equity(1847 [MMM]),144.3,1520900.0
2014-07-22,Equity(1847 [MMM]),145.12,1608200.0
2014-07-23,Equity(1847 [MMM]),144.68,1849400.0
2014-07-24,Equity(1847 [MMM]),145.13,2580000.0
2014-07-25,Equity(1847 [MMM]),145.12,1601800.0
2014-07-28,Equity(1847 [MMM]),145.53,2002200.0
2014-07-29,Equity(1847 [MMM]),144.02,2286600.0
2014-07-30,Equity(1847 [MMM]),143.74,2458400.0
2014-07-31,Equity(1847 [MMM]),140.89,3571100.0
2014-08-01,Equity(1847 [MMM]),140.75,2505800.0
2014-08-04,Equity(1847 [MMM]),140.75,2494500.0
2014-08-05,Equity(1847 [MMM]),139.78,2168500.0
2014-08-06,Equity(1847 [MMM]),139.55,2679000.0
2014-08-07,Equity(1847 [MMM]),139.13,1892500.0
2014-08-08,Equity(1847 [MMM]),140.85,2702600.0
2014-08-11,Equity(1847 [MMM]),140.58,1919100.0
2014-08-12,Equity(1847 [MMM]),140.88,2176100.0
2014-08-13,Equity(1847 [MMM]),141.8,3104300.0
2014-08-14,Equity(1847 [MMM]),142.34,1586900.0
2014-08-15,Equity(1847 [MMM]),141.92,1960900.0
2014-08-18,Equity(1847 [MMM]),144.12,1852900.0
2014-08-19,Equity(1847 [MMM]),144.25,1592500.0
2014-08-20,Equity(1847 [MMM]),144.6,2298800.0
2014-08-21,Equity(1847 [MMM]),144.5,1475800.0
2014-08-22,Equity(1847 [MMM]),144.13,1547500.0
2014-08-25,Equity(1847 [MMM]),144.7,1012900.0
2014-08-26,Equity(1847 [MMM]),144.6,1808100.0
2014-08-27,Equity(1847 [MMM]),143.94,1402200.0
2014-08-28,Equity(1847 [MMM]),143.98,1314100.0
2014-08-29,Equity(1847 [MMM]),144.0,1537800.0
2014-09-02,Equity(1847 [MMM]),144.22,1578800.0
2014-09-03,Equity(1847 [MMM]),143.82,1533600.0
2014-09-04,Equity(1847 [MMM]),143.61,1549800.0
2014-09-05,Equity(1847 [MMM]),144.2,1989100.0
2014-09-08,Equity(1847 [MMM]),144.89,2446100.0
2014-09-09,Equity(1847 [MMM]),144.46,1745400.0
2014-09-10,Equity(1847 [MMM]),144.64,1558800.0
2014-09-11,Equity(1847 [MMM]),144.35,1465400.0
2014-09-12,Equity(1847 [MMM]),143.94,2135400.0
2014-09-15,Equity(1847 [MMM]),144.48,1868000.0
2014-09-16,Equity(1847 [MMM]),144.85,1945100.0
2014-09-17,Equity(1847 [MMM]),145.37,2757000.0
2014-09-18,Equity(1847 [MMM]),146.84,2364800.0
2014-09-19,Equity(1847 [MMM]),146.69,8106200.0
2014-09-22,Equity(1847 [MMM]),145.71,2229103.0
2014-09-23,Equity(1847 [MMM]),144.37,2048428.0
2014-09-24,Equity(1847 [MMM]),144.88,2607517.0
2014-09-25,Equity(1847 [MMM]),142.48,2740214.0
2014-09-26,Equity(1847 [MMM]),142.42,3557713.0
2014-09-29,Equity(1847 [MMM]),142.19,2848278.0
2014-09-30,Equity(1847 [MMM]),141.68,2678708.0
2014-10-01,Equity(1847 [MMM]),139.18,2925861.0
2014-10-02,Equity(1847 [MMM]),138.67,3223934.0
2014-10-03,Equity(1847 [MMM]),140.17,3514089.0
2014-10-06,Equity(1847 [MMM]),140.34,2464699.0
2014-10-07,Equity(1847 [MMM]),137.68,3145016.0
2014-10-08,Equity(1847 [MMM]),141.41,4137781.0
2014-10-09,Equity(1847 [MMM]),138.64,3768200.0
2014-10-10,Equity(1847 [MMM]),133.83,7370317.0
2014-10-13,Equity(1847 [MMM]),132.9,4583764.0
2014-10-14,Equity(1847 [MMM]),134.18,3644279.0
2014-10-15,Equity(1847 [MMM]),134.22,4794670.0
2014-10-16,Equity(1847 [MMM]),135.05,3497195.0
2014-10-17,Equity(1847 [MMM]),137.4,3749126.0
2014-10-20,Equity(1847 [MMM]),137.6,2782534.0
2014-10-21,Equity(1847 [MMM]),140.93,3080962.0
2014-10-22,Equity(1847 [MMM]),138.95,4294426.0
2014-10-23,Equity(1847 [MMM]),145.05,7428192.0
2014-10-24,Equity(1847 [MMM]),148.59,4480881.0
2014-10-27,Equity(1847 [MMM]),149.56,2844091.0
2014-10-28,Equity(1847 [MMM]),151.06,2368229.0
2014-10-29,Equity(1847 [MMM]),151.01,2060649.0
2014-10-30,Equity(1847 [MMM]),152.1,1836500.0
2014-10-31,Equity(1847 [MMM]),153.77,3016319.0
2014-11-03,Equity(1847 [MMM]),153.3,2376422.0
2014-11-04,Equity(1847 [MMM]),155.05,3128619.0
2014-11-05,Equity(1847 [MMM]),155.69,2770390.0
2014-11-06,Equity(1847 [MMM]),156.05,2067172.0
2014-11-07,Equity(1847 [MMM]),156.55,1882753.0
2014-11-10,Equity(1847 [MMM]),157.66,1463470.0
2014-11-11,Equity(1847 [MMM]),157.11,1812026.0
2014-11-12,Equity(1847 [MMM]),157.68,1500672.0
2014-11-13,Equity(1847 [MMM]),158.35,2375052.0
2014-11-14,Equity(1847 [MMM]),158.85,1786273.0
2014-11-17,Equity(1847 [MMM]),158.69,1674303.0
2014-11-18,Equity(1847 [MMM]),160.15,2312206.0
2014-11-19,Equity(1847 [MMM]),158.83,2314262.0
2014-11-20,Equity(1847 [MMM]),159.36,1748983.0
2014-11-21,Equity(1847 [MMM]),160.16,2472003.0
2014-11-24,Equity(1847 [MMM]),159.88,2358208.0
2014-11-25,Equity(1847 [MMM]),158.06,3646343.0
2014-11-26,Equity(1847 [MMM]),158.31,1823224.0
2014-11-28,Equity(1847 [MMM]),160.09,1565487.0
2014-12-01,Equity(1847 [MMM]),158.16,2502120.0
2014-12-02,Equity(1847 [MMM]),160.6,2504391.0
2014-12-03,Equity(1847 [MMM]),162.26,3040255.0
2014-12-04,Equity(1847 [MMM]),162.26,2165107.0
2014-12-05,Equity(1847 [MMM]),162.27,1722974.0
2014-12-08,Equity(1847 [MMM]),160.93,1905159.0
2014-12-09,Equity(1847 [MMM]),160.83,2051810.0
2014-12-10,Equity(1847 [MMM]),158.24,3251563.0
2014-12-11,Equity(1847 [MMM]),159.15,2437334.0
2014-12-12,Equity(1847 [MMM]),157.12,2823193.0
2014-12-15,Equity(1847 [MMM]),156.85,2610662.0
2014-12-16,Equity(1847 [MMM]),159.05,3383174.0
2014-12-17,Equity(1847 [MMM]),160.6,3948875.0
2014-12-18,Equity(1847 [MMM]),165.3,3359781.0
2014-12-19,Equity(1847 [MMM]),165.48,4891344.0
2014-12-22,Equity(1847 [MMM]),167.27,2090786.0
2014-12-23,Equity(1847 [MMM]),166.87,2190067.0
2014-12-24,Equity(1847 [MMM]),166.96,981961.0
2014-12-26,Equity(1847 [MMM]),166.26,1607376.0
2014-12-29,Equity(1847 [MMM]),166.71,1218833.0
2014-12-30,Equity(1847 [MMM]),165.84,1180680.0
2014-12-31,Equity(1847 [MMM]),164.32,1631764.0
2015-01-02,Equity(1847 [MMM]),164.06,2117562.0
2015-01-05,Equity(1847 [MMM]),160.36,3692901.0
2015-01-06,Equity(1847 [MMM]),158.65,3537144.0
2015-01-07,Equity(1847 [MMM]),159.8,3081291.0
2015-01-08,Equity(1847 [MMM]),163.63,3146333.0
2015-01-09,Equity(1847 [MMM]),161.62,2365485.0
2015-01-12,Equity(1847 [MMM]),160.74,2149230.0
2015-01-13,Equity(1847 [MMM]),160.62,2706698.0
2015-01-14,Equity(1847 [MMM]),159.84,1983535.0
2015-01-15,Equity(1847 [MMM]),159.66,1881406.0
2015-01-16,Equity(1847 [MMM]),162.0,2349676.0
2015-01-20,Equity(1847 [MMM]),161.94,2095801.0
2015-01-21,Equity(1847 [MMM]),162.54,1597680.0
2015-01-22,Equity(1847 [MMM]),165.89,2225819.0
2015-01-23,Equity(1847 [MMM]),164.02,2249181.0
2015-01-26,Equity(1847 [MMM]),164.24,3556266.0
2015-01-27,Equity(1847 [MMM]),163.63,4190749.0
2015-01-28,Equity(1847 [MMM]),163.94,3574559.0
2015-01-29,Equity(1847 [MMM]),166.13,2674418.0
2015-01-30,Equity(1847 [MMM]),162.3,3561680.0
2015-02-02,Equity(1847 [MMM]),164.42,2356879.0
2015-02-03,Equity(1847 [MMM]),165.94,2604773.0
2015-02-04,Equity(1847 [MMM]),164.81,2363703.0
2015-02-05,Equity(1847 [MMM]),166.55,2050539.0
2015-02-06,Equity(1847 [MMM]),166.07,1826929.0
2015-02-09,Equity(1847 [MMM]),164.84,2072981.0
2015-02-10,Equity(1847 [MMM]),165.82,1885097.0
2015-02-11,Equity(1847 [MMM]),164.48,1695058.0
2015-02-12,Equity(1847 [MMM]),165.91,1615661.0
2015-02-13,Equity(1847 [MMM]),165.94,1792069.0
2015-02-17,Equity(1847 [MMM]),166.92,2100869.0
2015-02-18,Equity(1847 [MMM]),167.4,1552002.0
2015-02-19,Equity(1847 [MMM]),167.09,1648714.0
2015-02-20,Equity(1847 [MMM]),168.12,2416631.0
2015-02-23,Equity(1847 [MMM]),168.81,1835977.0
2015-02-24,Equity(1847 [MMM]),169.12,1770282.0
2015-02-25,Equity(1847 [MMM]),168.89,2019149.0
2015-02-26,Equity(1847 [MMM]),169.61,1789346.0
2015-02-27,Equity(1847 [MMM]),168.65,1946016.0
2015-03-02,Equity(1847 [MMM]),170.5,2223104.0
2015-03-03,Equity(1847 [MMM]),168.27,2232405.0
2015-03-04,Equity(1847 [MMM]),167.16,1572650.0
2015-03-05,Equity(1847 [MMM]),167.57,1547152.0
2015-03-06,Equity(1847 [MMM]),164.36,2114438.0
2015-03-09,Equity(1847 [MMM]),166.37,1608060.0
2015-03-10,Equity(1847 [MMM]),162.26,2564593.0
2015-03-11,Equity(1847 [MMM]),161.73,1894304.0
2015-03-12,Equity(1847 [MMM]),164.47,1715011.0
2015-03-13,Equity(1847 [MMM]),162.74,2284740.0
2015-03-16,Equity(1847 [MMM]),166.21,2111158.0
2015-03-17,Equity(1847 [MMM]),164.23,2557894.0
2015-03-18,Equity(1847 [MMM]),166.47,3062438.0
2015-03-19,Equity(1847 [MMM]),165.66,1953456.0
2015-03-20,Equity(1847 [MMM]),166.49,4371778.0
2015-03-23,Equity(1847 [MMM]),166.13,2155702.0
2015-03-24,Equity(1847 [MMM]),166.32,2090967.0
2015-03-25,Equity(1847 [MMM]),162.7,2540422.0
2015-03-26,Equity(1847 [MMM]),162.59,2050735.0
2015-03-27,Equity(1847 [MMM]),163.5,1722661.0
2015-03-30,Equity(1847 [MMM]),166.05,1684009.0
2015-03-31,Equity(1847 [MMM]),164.95,2081259.0
2015-04-01,Equity(1847 [MMM]),162.52,2148057.0
2015-04-02,Equity(1847 [MMM]),162.8,1852617.0
2015-04-06,Equity(1847 [MMM]),165.48,2560334.0
2015-04-07,Equity(1847 [MMM]),166.21,2479504.0
2015-04-08,Equity(1847 [MMM]),166.27,1754434.0
2015-04-09,Equity(1847 [MMM]),166.79,1680624.0
2015-04-10,Equity(1847 [MMM]),167.07,1501941.0
2015-04-13,Equity(1847 [MMM]),165.84,1860416.0
2015-04-14,Equity(1847 [MMM]),165.99,1915188.0
2015-04-15,Equity(1847 [MMM]),166.44,1995871.0
2015-04-16,Equity(1847 [MMM]),165.89,1662831.0
2015-04-17,Equity(1847 [MMM]),161.71,3063509.0
2015-04-20,Equity(1847 [MMM]),164.51,2394237.0
2015-04-21,Equity(1847 [MMM]),164.0,1970534.0
2015-04-22,Equity(1847 [MMM]),164.67,2228813.0
2015-04-23,Equity(1847 [MMM]),159.66,5703839.0
2015-04-24,Equity(1847 [MMM]),158.99,3043484.0
2015-04-27,Equity(1847 [MMM]),157.98,3448755.0
2015-04-28,Equity(1847 [MMM]),158.33,3387920.0
2015-04-29,Equity(1847 [MMM]),156.97,3078628.0
2015-04-30,Equity(1847 [MMM]),156.39,3510160.0
2015-05-01,Equity(1847 [MMM]),157.68,2160149.0
2015-05-04,Equity(1847 [MMM]),159.02,2240314.0
2015-05-05,Equity(1847 [MMM]),157.91,1947744.0
2015-05-06,Equity(1847 [MMM]),157.64,2203122.0
2015-05-07,Equity(1847 [MMM]),158.61,2112923.0
2015-05-08,Equity(1847 [MMM]),160.6,2025537.0
2015-05-11,Equity(1847 [MMM]),159.9,1708711.0
2015-05-12,Equity(1847 [MMM]),160.07,1864709.0
2015-05-13,Equity(1847 [MMM]),161.31,2587859.0
2015-05-14,Equity(1847 [MMM]),163.15,2462309.0
2015-05-15,Equity(1847 [MMM]),163.3,1923774.0
2015-05-18,Equity(1847 [MMM]),162.87,1748224.0
2015-05-19,Equity(1847 [MMM]),163.12,2076094.0
2015-05-20,Equity(1847 [MMM]),161.9,1978568.0
2015-05-21,Equity(1847 [MMM]),162.06,2401606.0
2015-05-22,Equity(1847 [MMM]),160.98,1822803.0
2015-05-26,Equity(1847 [MMM]),159.59,2471109.0
2015-05-27,Equity(1847 [MMM]),161.02,2625930.0
2015-05-28,Equity(1847 [MMM]),160.87,1578079.0
2015-05-29,Equity(1847 [MMM]),159.08,2880519.0
2015-06-01,Equity(1847 [MMM]),158.98,1906559.0
2015-06-02,Equity(1847 [MMM]),159.08,2481192.0
2015-06-03,Equity(1847 [MMM]),160.16,2074495.0
2015-06-04,Equity(1847 [MMM]),158.35,2237628.0
2015-06-05,Equity(1847 [MMM]),157.08,2314771.0
2015-06-08,Equity(1847 [MMM]),156.59,1608614.0
2015-06-09,Equity(1847 [MMM]),156.98,1810752.0
2015-06-10,Equity(1847 [MMM]),159.04,1758925.0
2015-06-11,Equity(1847 [MMM]),159.86,1854228.0
2015-06-12,Equity(1847 [MMM]),158.04,1910513.0
2015-06-15,Equity(1847 [MMM]),155.87,2353069.0
2015-06-16,Equity(1847 [MMM]),156.49,1729688.0
2015-06-17,Equity(1847 [MMM]),156.95,1839387.0
2015-06-18,Equity(1847 [MMM]),159.62,2528893.0
2015-06-19,Equity(1847 [MMM]),158.95,3286587.0
2015-06-22,Equity(1847 [MMM]),159.68,1447412.0
2015-06-23,Equity(1847 [MMM]),159.84,2286400.0
2015-06-24,Equity(1847 [MMM]),157.54,2862870.0
2015-06-25,Equity(1847 [MMM]),155.92,2563948.0
2015-06-26,Equity(1847 [MMM]),157.09,2625489.0
2015-06-29,Equity(1847 [MMM]),153.95,2474876.0
2015-06-30,Equity(1847 [MMM]),154.3,2561158.0
2015-07-01,Equity(1847 [MMM]),155.65,1726793.0
2015-07-02,Equity(1847 [MMM]),155.38,2022399.0
2015-07-06,Equity(1847 [MMM]),155.08,2171054.0
2015-07-07,Equity(1847 [MMM]),155.43,2865946.0
2015-07-08,Equity(1847 [MMM]),152.71,2613316.0
2015-07-09,Equity(1847 [MMM]),153.75,2069222.0
2015-07-10,Equity(1847 [MMM]),154.95,2061221.0
2015-07-13,Equity(1847 [MMM]),156.47,2107208.0
2015-07-14,Equity(1847 [MMM]),156.78,1812274.0
2015-07-15,Equity(1847 [MMM]),156.0,1786207.0
2015-07-16,Equity(1847 [MMM]),157.17,2023869.0
2015-07-17,Equity(1847 [MMM]),156.69,2428961.0
2015-07-20,Equity(1847 [MMM]),157.12,2349080.0
2015-07-21,Equity(1847 [MMM]),155.76,2743931.0
2015-07-22,Equity(1847 [MMM]),155.41,3067734.0
2015-07-23,Equity(1847 [MMM]),149.5,5176373.0
2015-07-24,Equity(1847 [MMM]),149.33,3433628.0
2015-07-27,Equity(1847 [MMM]),148.71,3117558.0
2015-07-28,Equity(1847 [MMM]),151.11,3277739.0
2015-07-29,Equity(1847 [MMM]),151.45,2176889.0
2015-07-30,Equity(1847 [MMM]),151.57,2120011.0
2015-07-31,Equity(1847 [MMM]),151.34,1619622.0
2015-08-03,Equity(1847 [MMM]),150.12,2355558.0
2015-08-04,Equity(1847 [MMM]),150.4,1811933.0
2015-08-05,Equity(1847 [MMM]),151.01,1762361.0
2015-08-06,Equity(1847 [MMM]),149.26,1764614.0
2015-08-07,Equity(1847 [MMM]),148.89,1669711.0
2015-08-10,Equity(1847 [MMM]),151.24,1571784.0
2015-08-11,Equity(1847 [MMM]),148.48,1810785.0
2015-08-12,Equity(1847 [MMM]),148.52,2054319.0
2015-08-13,Equity(1847 [MMM]),147.4,1792788.0
2015-08-14,Equity(1847 [MMM]),148.28,1401860.0
2015-08-17,Equity(1847 [MMM]),149.24,1648944.0
2015-08-18,Equity(1847 [MMM]),148.31,1706387.0
2015-08-19,Equity(1847 [MMM]),145.87,2525241.0
2015-08-20,Equity(1847 [MMM]),143.35,3281679.0
2015-08-21,Equity(1847 [MMM]),142.09,5442006.0
2015-08-24,Equity(1847 [MMM]),138.58,7359428.0
2015-08-25,Equity(1847 [MMM]),137.64,5435890.0
2015-08-26,Equity(1847 [MMM]),142.72,4562006.0
2015-08-27,Equity(1847 [MMM]),143.9,4104567.0
2015-08-28,Equity(1847 [MMM]),144.21,2664554.0
2015-08-31,Equity(1847 [MMM]),142.14,2514923.0
2015-09-01,Equity(1847 [MMM]),138.5,3671245.0
2015-09-02,Equity(1847 [MMM]),141.24,3312687.0
2015-09-03,Equity(1847 [MMM]),141.74,2606203.0
2015-09-04,Equity(1847 [MMM]),139.84,3195773.0
2015-09-08,Equity(1847 [MMM]),143.43,2432857.0
2015-09-09,Equity(1847 [MMM]),140.86,2642784.0
2015-09-10,Equity(1847 [MMM]),140.78,2031210.0
2015-09-11,Equity(1847 [MMM]),141.26,2506009.0
2015-09-14,Equity(1847 [MMM]),140.81,2277158.0
2015-09-15,Equity(1847 [MMM]),143.6,2690814.0
2015-09-16,Equity(1847 [MMM]),144.2,2060607.0
2015-09-17,Equity(1847 [MMM]),142.95,2855145.0
2015-09-18,Equity(1847 [MMM]),139.62,6526037.0
2015-09-21,Equity(1847 [MMM]),140.04,2492937.0
2015-09-22,Equity(1847 [MMM]),138.02,2775119.0
2015-09-23,Equity(1847 [MMM]),137.66,2684501.0
2015-09-24,Equity(1847 [MMM]),137.58,2690259.0
2015-09-25,Equity(1847 [MMM]),139.56,3767165.0
2015-09-28,Equity(1847 [MMM]),138.38,3427488.0
2015-09-29,Equity(1847 [MMM]),141.55,4945961.0
2015-09-30,Equity(1847 [MMM]),141.77,3453568.0
2015-10-01,Equity(1847 [MMM]),140.8,2486292.0
2015-10-02,Equity(1847 [MMM]),143.2,3064411.0
2015-10-05,Equity(1847 [MMM]),146.32,2987249.0
2015-10-06,Equity(1847 [MMM]),145.79,2256802.0
2015-10-07,Equity(1847 [MMM]),147.54,1957149.0
2015-10-08,Equity(1847 [MMM]),149.48,2008766.0
2015-10-09,Equity(1847 [MMM]),149.9,2293990.0
2015-10-12,Equity(1847 [MMM]),150.06,1429298.0
2015-10-13,Equity(1847 [MMM]),149.11,2027618.0
2015-10-14,Equity(1847 [MMM]),148.32,2260312.0
2015-10-15,Equity(1847 [MMM]),149.19,2589025.0
2015-10-16,Equity(1847 [MMM]),148.7,2490502.0
2015-10-19,Equity(1847 [MMM]),148.0,2004235.0
2015-10-20,Equity(1847 [MMM]),149.11,2409281.0
2015-10-21,Equity(1847 [MMM]),149.82,3011800.0
2015-10-22,Equity(1847 [MMM]),156.0,5111766.0
2015-10-23,Equity(1847 [MMM]),155.79,2997423.0
2015-10-26,Equity(1847 [MMM]),156.54,2136125.0
2015-10-27,Equity(1847 [MMM]),156.73,1970110.0
2015-10-28,Equity(1847 [MMM]),158.08,2724680.0
2015-10-29,Equity(1847 [MMM]),157.61,1484607.0
2015-10-30,Equity(1847 [MMM]),157.21,2672128.0
2015-11-02,Equity(1847 [MMM]),159.92,2701780.0
2015-11-03,Equity(1847 [MMM]),158.75,2972122.0
2015-11-04,Equity(1847 [MMM]),158.91,2254169.0
2015-11-05,Equity(1847 [MMM]),158.99,2023648.0
2015-11-06,Equity(1847 [MMM]),159.26,1859945.0
2015-11-09,Equity(1847 [MMM]),157.47,2420917.0
2015-11-10,Equity(1847 [MMM]),157.59,1962870.0
2015-11-11,Equity(1847 [MMM]),159.05,2527087.0
2015-11-12,Equity(1847 [MMM]),156.3,2305645.0
2015-11-13,Equity(1847 [MMM]),155.65,2434419.0
2015-11-16,Equity(1847 [MMM]),158.21,2394999.0
2015-11-17,Equity(1847 [MMM]),157.03,2392964.0
2015-11-18,Equity(1847 [MMM]),157.39,2226895.0
2015-11-19,Equity(1847 [MMM]),158.38,1518046.0
2015-11-20,Equity(1847 [MMM]),158.95,1891113.0
2015-11-23,Equity(1847 [MMM]),158.65,1430410.0
2015-11-24,Equity(1847 [MMM]),157.75,2100625.0
2015-11-25,Equity(1847 [MMM]),157.63,1184162.0
2015-11-27,Equity(1847 [MMM]),157.99,876130.0
2015-11-30,Equity(1847 [MMM]),156.58,2934232.0
2015-12-01,Equity(1847 [MMM]),156.9,2258862.0
2015-12-02,Equity(1847 [MMM]),155.7,2034611.0
2015-12-03,Equity(1847 [MMM]),154.38,2609503.0
2015-12-04,Equity(1847 [MMM]),158.22,2175780.0
2015-12-07,Equity(1847 [MMM]),157.75,2141675.0
2015-12-08,Equity(1847 [MMM]),156.79,2350423.0
2015-12-09,Equity(1847 [MMM]),156.05,2660838.0
2015-12-10,Equity(1847 [MMM]),157.52,2551233.0
2015-12-11,Equity(1847 [MMM]),154.83,2523192.0
2015-12-14,Equity(1847 [MMM]),157.63,3461796.0
2015-12-15,Equity(1847 [MMM]),148.13,8645905.0
2015-12-16,Equity(1847 [MMM]),149.95,4773934.0
2015-12-17,Equity(1847 [MMM]),148.85,3053902.0
2015-12-18,Equity(1847 [MMM]),146.92,5717994.0
2015-12-21,Equity(1847 [MMM]),147.48,2284411.0
2015-12-22,Equity(1847 [MMM]),148.97,2528661.0
2015-12-23,Equity(1847 [MMM]),151.16,2215346.0
2015-12-24,Equity(1847 [MMM]),151.19,848403.0
2015-12-28,Equity(1847 [MMM]),151.22,1275184.0
2015-12-29,Equity(1847 [MMM]),152.89,1824690.0
2015-12-30,Equity(1847 [MMM]),151.91,1553075.0
2015-12-31,Equity(1847 [MMM]),150.64,1607102.0
2016-01-04,Equity(1847 [MMM]),146.82,3277188.0
2016-01-05,Equity(1847 [MMM]),147.46,2688082.0
2016-01-06,Equity(1847 [MMM]),144.49,2997126.0
2016-01-07,Equity(1847 [MMM]),140.97,3553519.0
2016-01-08,Equity(1847 [MMM]),140.49,2663879.0
2016-01-11,Equity(1847 [MMM]),140.46,2775527.0
2016-01-12,Equity(1847 [MMM]),140.86,2363612.0
2016-01-13,Equity(1847 [MMM]),138.72,2598252.0
2016-01-14,Equity(1847 [MMM]),141.18,3720400.0
2016-01-15,Equity(1847 [MMM]),138.69,4683496.0
2016-01-19,Equity(1847 [MMM]),138.39,3399796.0
2016-01-20,Equity(1847 [MMM]),136.96,4136313.0
2016-01-21,Equity(1847 [MMM]),137.76,3355469.0
2016-01-22,Equity(1847 [MMM]),139.52,2979077.0
2016-01-25,Equity(1847 [MMM]),137.57,2805399.0
2016-01-26,Equity(1847 [MMM]),144.78,5128273.0
2016-01-27,Equity(1847 [MMM]),145.55,3596279.0
2016-01-28,Equity(1847 [MMM]),147.32,3067920.0
2016-01-29,Equity(1847 [MMM]),151.0,3993161.0
2016-02-01,Equity(1847 [MMM]),148.73,2700383.0
2016-02-02,Equity(1847 [MMM]),147.87,3581729.0
2016-02-03,Equity(1847 [MMM]),152.52,5766459.0
2016-02-04,Equity(1847 [MMM]),153.44,3458366.0
2016-02-05,Equity(1847 [MMM]),153.47,3368475.0
2016-02-08,Equity(1847 [MMM]),153.9,2505155.0
2016-02-09,Equity(1847 [MMM]),154.74,2968409.0
2016-02-10,Equity(1847 [MMM]),152.45,2911985.0
2016-02-11,Equity(1847 [MMM]),150.67,3182232.0
2016-02-12,Equity(1847 [MMM]),153.96,2292155.0
2016-02-16,Equity(1847 [MMM]),155.53,2140576.0
2016-02-17,Equity(1847 [MMM]),156.62,2156064.0
2016-02-18,Equity(1847 [MMM]),156.78,2010218.0
2016-02-19,Equity(1847 [MMM]),156.45,2121331.0
2016-02-22,Equity(1847 [MMM]),157.7,2207565.0
2016-02-23,Equity(1847 [MMM]),156.17,1922760.0
2016-02-24,Equity(1847 [MMM]),157.22,1937494.0
2016-02-25,Equity(1847 [MMM]),158.99,1718362.0
2016-02-26,Equity(1847 [MMM]),158.27,1843721.0
2016-02-29,Equity(1847 [MMM]),156.87,1992551.0
2016-03-01,Equity(1847 [MMM]),159.59,2204125.0
2016-03-02,Equity(1847 [MMM]),159.41,1807199.0
2016-03-03,Equity(1847 [MMM]),159.38,1926039.0
2016-03-04,Equity(1847 [MMM]),160.07,1766328.0
2016-03-07,Equity(1847 [MMM]),160.57,2012810.0
2016-03-08,Equity(1847 [MMM]),160.2,2010709.0
2016-03-09,Equity(1847 [MMM]),160.09,1883182.0
2016-03-10,Equity(1847 [MMM]),159.89,1875660.0
2016-03-11,Equity(1847 [MMM]),161.88,1697170.0
2016-03-14,Equity(1847 [MMM]),161.81,1747318.0
2016-03-15,Equity(1847 [MMM]),162.41,1828242.0
2016-03-16,Equity(1847 [MMM]),162.89,1927690.0
2016-03-17,Equity(1847 [MMM]),163.75,2790076.0
2016-03-18,Equity(1847 [MMM]),165.33,5852042.0
2016-03-21,Equity(1847 [MMM]),164.84,2095053.0
2016-03-22,Equity(1847 [MMM]),164.91,2146288.0
2016-03-23,Equity(1847 [MMM]),164.27,2304955.0
2016-03-24,Equity(1847 [MMM]),164.46,1868669.0
2016-03-28,Equity(1847 [MMM]),166.28,2336768.0
2016-03-29,Equity(1847 [MMM]),164.39,2525004.0
2016-03-30,Equity(1847 [MMM]),166.75,2195874.0
2016-03-31,Equity(1847 [MMM]),166.63,1777204.0
2016-04-01,Equity(1847 [MMM]),167.53,2011569.0
2016-04-04,Equity(1847 [MMM]),166.4,2022797.0
2016-04-05,Equity(1847 [MMM]),165.81,1617437.0
2016-04-06,Equity(1847 [MMM]),166.81,2092183.0
2016-04-07,Equity(1847 [MMM]),167.16,2728068.0
2016-04-08,Equity(1847 [MMM]),166.63,1729301.0
2016-04-11,Equity(1847 [MMM]),166.59,1521065.0
2016-04-12,Equity(1847 [MMM]),168.03,1636492.0
2016-04-13,Equity(1847 [MMM]),168.59,1545911.0
2016-04-14,Equity(1847 [MMM]),168.16,1213407.0
2016-04-15,Equity(1847 [MMM]),168.78,1417007.0
2016-04-18,Equity(1847 [MMM]),169.55,1146593.0
2016-04-19,Equity(1847 [MMM]),169.65,1849420.0
2016-04-20,Equity(1847 [MMM]),168.94,1439679.0
2016-04-21,Equity(1847 [MMM]),168.66,1634976.0
2016-04-22,Equity(1847 [MMM]),168.66,1802263.0
2016-04-25,Equity(1847 [MMM]),168.38,2378321.0
2016-04-26,Equity(1847 [MMM]),166.18,3191913.0
2016-04-27,Equity(1847 [MMM]),167.76,2227723.0
2016-04-28,Equity(1847 [MMM]),167.0,1654554.0
2016-04-29,Equity(1847 [MMM]),167.38,1961760.0
2016-05-02,Equity(1847 [MMM]),168.34,1700272.0
2016-05-03,Equity(1847 [MMM]),167.97,1922150.0
2016-05-04,Equity(1847 [MMM]),167.16,2118061.0
2016-05-05,Equity(1847 [MMM]),167.77,1680203.0
2016-05-06,Equity(1847 [MMM]),168.89,1630184.0
2016-05-09,Equity(1847 [MMM]),168.52,1301262.0
2016-05-10,Equity(1847 [MMM]),170.26,1733137.0
2016-05-11,Equity(1847 [MMM]),169.77,1786405.0
2016-05-12,Equity(1847 [MMM]),170.15,1741928.0
2016-05-13,Equity(1847 [MMM]),168.32,1875893.0
2016-05-16,Equity(1847 [MMM]),169.55,1826217.0
2016-05-17,Equity(1847 [MMM]),167.81,2126015.0
2016-05-18,Equity(1847 [MMM]),166.82,1624389.0
2016-05-19,Equity(1847 [MMM]),165.11,1657333.0
2016-05-20,Equity(1847 [MMM]),165.01,1746994.0
2016-05-23,Equity(1847 [MMM]),166.11,1653531.0
2016-05-24,Equity(1847 [MMM]),168.63,1627511.0
2016-05-25,Equity(1847 [MMM]),169.99,1860038.0
2016-05-26,Equity(1847 [MMM]),168.91,1563894.0
2016-05-27,Equity(1847 [MMM]),168.89,1099137.0
2016-05-31,Equity(1847 [MMM]),168.32,2169597.0
2016-06-01,Equity(1847 [MMM]),168.69,1228187.0
2016-06-02,Equity(1847 [MMM]),168.04,1980584.0
2016-06-03,Equity(1847 [MMM]),168.38,1433491.0
2016-06-06,Equity(1847 [MMM]),170.08,1510724.0
2016-06-07,Equity(1847 [MMM]),170.91,1723101.0
2016-06-08,Equity(1847 [MMM]),171.42,1684867.0
2016-06-09,Equity(1847 [MMM]),170.13,2208774.0
2016-06-10,Equity(1847 [MMM]),168.56,2123352.0
2016-06-13,Equity(1847 [MMM]),167.13,2129881.0
2016-06-14,Equity(1847 [MMM]),167.61,2021662.0
2016-06-15,Equity(1847 [MMM]),167.8,1694233.0
2016-06-16,Equity(1847 [MMM]),169.93,2632136.0
2016-06-17,Equity(1847 [MMM]),168.94,3447960.0
2016-06-20,Equity(1847 [MMM]),171.23,2162785.0
2016-06-21,Equity(1847 [MMM]),171.37,1889260.0
2016-06-22,Equity(1847 [MMM]),171.23,1369603.0
2016-06-23,Equity(1847 [MMM]),174.11,2021545.0
2016-06-24,Equity(1847 [MMM]),169.12,4567121.0
2016-06-27,Equity(1847 [MMM]),167.19,2556446.0
2016-06-28,Equity(1847 [MMM]),169.59,2237274.0
2016-06-29,Equity(1847 [MMM]),171.52,1894081.0
2016-06-30,Equity(1847 [MMM]),175.12,2449398.0
2016-07-01,Equity(1847 [MMM]),175.54,1930869.0
2016-07-05,Equity(1847 [MMM]),175.63,2353554.0
2016-07-06,Equity(1847 [MMM]),175.16,2383261.0
2016-07-07,Equity(1847 [MMM]),174.87,1842372.0
2016-07-08,Equity(1847 [MMM]),177.12,2726594.0
2016-07-11,Equity(1847 [MMM]),178.01,1659485.0
2016-07-12,Equity(1847 [MMM]),179.16,1922623.0
2016-07-13,Equity(1847 [MMM]),179.21,1491437.0
2016-07-14,Equity(1847 [MMM]),180.9,1904057.0
2016-07-15,Equity(1847 [MMM]),181.4,2475143.0
2016-07-18,Equity(1847 [MMM]),181.11,1224381.0
2016-07-19,Equity(1847 [MMM]),181.24,1051302.0
2016-07-20,Equity(1847 [MMM]),181.42,1413320.0
2016-07-21,Equity(1847 [MMM]),180.26,1939921.0
2016-07-22,Equity(1847 [MMM]),180.44,1205590.0
2016-07-25,Equity(1847 [MMM]),179.63,1936896.0
2016-07-26,Equity(1847 [MMM]),177.66,3421578.0
2016-07-27,Equity(1847 [MMM]),178.27,2359679.0
2016-07-28,Equity(1847 [MMM]),177.98,1799475.0
2016-07-29,Equity(1847 [MMM]),178.36,1621915.0
2016-08-01,Equity(1847 [MMM]),178.29,1598351.0
2016-08-02,Equity(1847 [MMM]),178.36,2115083.0
2016-08-03,Equity(1847 [MMM]),178.38,1419250.0
2016-08-04,Equity(1847 [MMM]),177.81,1072341.0
2016-08-05,Equity(1847 [MMM]),178.57,1799474.0
2016-08-08,Equity(1847 [MMM]),178.58,1327693.0
2016-08-09,Equity(1847 [MMM]),178.39,1098851.0
2016-08-10,Equity(1847 [MMM]),178.82,1226260.0
2016-08-11,Equity(1847 [MMM]),181.0,2043437.0
2016-08-12,Equity(1847 [MMM]),180.27,1232856.0
2016-08-15,Equity(1847 [MMM]),180.56,1268247.0
2016-08-16,Equity(1847 [MMM]),179.25,1363554.0
2016-08-17,Equity(1847 [MMM]),179.87,1358528.0
2016-08-18,Equity(1847 [MMM]),179.18,1088677.0
2016-08-19,Equity(1847 [MMM]),179.61,1305289.0
2016-08-22,Equity(1847 [MMM]),179.07,1336377.0
2016-08-23,Equity(1847 [MMM]),179.77,1195825.0
2016-08-24,Equity(1847 [MMM]),179.41,1137075.0
2016-08-25,Equity(1847 [MMM]),179.58,840199.0
2016-08-26,Equity(1847 [MMM]),179.41,1324652.0
2016-08-29,Equity(1847 [MMM]),180.5,1051806.0
2016-08-30,Equity(1847 [MMM]),180.15,1039808.0
2016-08-31,Equity(1847 [MMM]),179.24,1635998.0
2016-09-01,Equity(1847 [MMM]),179.98,1095268.0
2016-09-02,Equity(1847 [MMM]),180.81,1319039.0
2016-09-06,Equity(1847 [MMM]),180.46,1328106.0
2016-09-07,Equity(1847 [MMM]),179.75,1133540.0
2016-09-08,Equity(1847 [MMM]),180.1,1423980.0
2016-09-09,Equity(1847 [MMM]),175.64,2083300.0
2016-09-12,Equity(1847 [MMM]),178.1,1913291.0
2016-09-13,Equity(1847 [MMM]),176.07,1864569.0
2016-09-14,Equity(1847 [MMM]),175.62,1864794.0
2016-09-15,Equity(1847 [MMM]),176.59,1683788.0
2016-09-16,Equity(1847 [MMM]),175.06,3358842.0
2016-09-19,Equity(1847 [MMM]),176.72,1754929.0
2016-09-20,Equity(1847 [MMM]),177.6,1598552.0
2016-09-21,Equity(1847 [MMM]),179.59,1759977.0
2016-09-22,Equity(1847 [MMM]),179.85,1849004.0
2016-09-23,Equity(1847 [MMM]),177.39,1910978.0
2016-09-26,Equity(1847 [MMM]),175.95,1820997.0
2016-09-27,Equity(1847 [MMM]),176.3,2433570.0
2016-09-28,Equity(1847 [MMM]),177.59,1693951.0
2016-09-29,Equity(1847 [MMM]),175.37,1853613.0
2016-09-30,Equity(1847 [MMM]),176.23,2419430.0
2016-10-03,Equity(1847 [MMM]),175.04,1785551.0
2016-10-04,Equity(1847 [MMM]),171.68,3166931.0
2016-10-05,Equity(1847 [MMM]),172.39,2305546.0
2016-10-06,Equity(1847 [MMM]),171.64,2273400.0
2016-10-07,Equity(1847 [MMM]),171.33,2249588.0
2016-10-10,Equity(1847 [MMM]),171.14,1936639.0
2016-10-11,Equity(1847 [MMM]),169.68,1998576.0
2016-10-12,Equity(1847 [MMM]),169.72,1554146.0
2016-10-13,Equity(1847 [MMM]),170.02,1919715.0
2016-10-14,Equity(1847 [MMM]),170.33,1512366.0
2016-10-17,Equity(1847 [MMM]),170.21,1229184.0
2016-10-18,Equity(1847 [MMM]),169.95,1185565.0
2016-10-19,Equity(1847 [MMM]),169.91,1164213.0
2016-10-20,Equity(1847 [MMM]),169.86,1210539.0
2016-10-21,Equity(1847 [MMM]),169.5,2013555.0
2016-10-24,Equity(1847 [MMM]),171.27,2668093.0
2016-10-25,Equity(1847 [MMM]),166.23,3826056.0
2016-10-26,Equity(1847 [MMM]),166.51,2174852.0
2016-10-27,Equity(1847 [MMM]),165.76,1486376.0
2016-10-28,Equity(1847 [MMM]),165.77,1934281.0
2016-10-31,Equity(1847 [MMM]),165.3,2289132.0
2016-11-01,Equity(1847 [MMM]),164.25,2455784.0
2016-11-02,Equity(1847 [MMM]),165.73,2233414.0
2016-11-03,Equity(1847 [MMM]),166.83,2504984.0
2016-11-04,Equity(1847 [MMM]),166.48,1927527.0
2016-11-07,Equity(1847 [MMM]),169.74,1930929.0
2016-11-08,Equity(1847 [MMM]),171.03,1956187.0
2016-11-09,Equity(1847 [MMM]),170.39,3659314.0
2016-11-10,Equity(1847 [MMM]),174.28,3280034.0
2016-11-11,Equity(1847 [MMM]),175.08,1868162.0
2016-11-14,Equity(1847 [MMM]),172.91,2607032.0
2016-11-15,Equity(1847 [MMM]),174.24,2177504.0
2016-11-16,Equity(1847 [MMM]),172.01,2022623.0
2016-11-17,Equity(1847 [MMM]),172.77,1783744.0
2016-11-18,Equity(1847 [MMM]),172.96,1711068.0
2016-11-21,Equity(1847 [MMM]),171.52,1993936.0
2016-11-22,Equity(1847 [MMM]),171.91,1553303.0
2016-11-23,Equity(1847 [MMM]),172.25,1477958.0
2016-11-25,Equity(1847 [MMM]),173.49,945845.0
2016-11-28,Equity(1847 [MMM]),172.5,1677696.0
2016-11-29,Equity(1847 [MMM]),172.77,1483189.0
2016-11-30,Equity(1847 [MMM]),171.74,2595787.0
2016-12-01,Equity(1847 [MMM]),172.63,1756890.0
2016-12-02,Equity(1847 [MMM]),172.43,1871524.0
2016-12-05,Equity(1847 [MMM]),171.62,2181327.0
2016-12-06,Equity(1847 [MMM]),171.8,1467548.0
2016-12-07,Equity(1847 [MMM]),176.05,3164316.0
2016-12-08,Equity(1847 [MMM]),175.88,1788382.0
2016-12-09,Equity(1847 [MMM]),178.49,2650644.0
2016-12-12,Equity(1847 [MMM]),179.64,2295986.0
2016-12-13,Equity(1847 [MMM]),178.83,2708604.0
2016-12-14,Equity(1847 [MMM]),176.6,2234172.0
2016-12-15,Equity(1847 [MMM]),176.02,2055610.0
2016-12-16,Equity(1847 [MMM]),177.45,3889730.0
2016-12-19,Equity(1847 [MMM]),178.16,1381974.0
2016-12-20,Equity(1847 [MMM]),178.65,1378216.0
2016-12-21,Equity(1847 [MMM]),178.43,1556047.0
2016-12-22,Equity(1847 [MMM]),179.2,1225630.0
2016-12-23,Equity(1847 [MMM]),178.75,731194.0
2016-12-27,Equity(1847 [MMM]),178.92,651000.0
2016-12-28,Equity(1847 [MMM]),178.08,1287918.0
2016-12-29,Equity(1847 [MMM]),178.41,1101983.0
2016-12-30,Equity(1847 [MMM]),178.57,1594245.0
2017-01-03,Equity(1847 [MMM]),178.05,2510055.0
2017-01-04,Equity(1847 [MMM]),178.32,1541985.0
2017-01-05,Equity(1847 [MMM]),177.71,1447568.0
2017-01-06,Equity(1847 [MMM]),178.23,1625049.0
2017-01-09,Equity(1847 [MMM]),177.27,1622625.0
2017-01-10,Equity(1847 [MMM]),176.58,2030149.0
2017-01-11,Equity(1847 [MMM]),177.89,1579593.0
2017-01-12,Equity(1847 [MMM]),177.44,1321766.0
2017-01-13,Equity(1847 [MMM]),177.39,1265593.0
2017-01-17,Equity(1847 [MMM]),177.26,1557453.0
2017-01-18,Equity(1847 [MMM]),178.49,1804904.0
2017-01-19,Equity(1847 [MMM]),178.68,1464364.0
2017-01-20,Equity(1847 [MMM]),178.49,1761780.0
2017-01-23,Equity(1847 [MMM]),178.51,1986783.0
2017-01-24,Equity(1847 [MMM]),175.97,3473183.0
2017-01-25,Equity(1847 [MMM]),176.73,3462633.0
2017-01-26,Equity(1847 [MMM]),176.82,2233979.0
2017-01-27,Equity(1847 [MMM]),177.48,1623666.0
2017-01-30,Equity(1847 [MMM]),175.42,1823128.0
2017-01-31,Equity(1847 [MMM]),174.82,1845467.0
2017-02-01,Equity(1847 [MMM]),175.17,2272854.0
2017-02-02,Equity(1847 [MMM]),174.18,3106798.0
2017-02-03,Equity(1847 [MMM]),175.04,2820960.0
2017-02-06,Equity(1847 [MMM]),175.1,1622756.0
2017-02-07,Equity(1847 [MMM]),175.76,1247189.0
2017-02-08,Equity(1847 [MMM]),177.07,2145683.0
2017-02-09,Equity(1847 [MMM]),178.18,2009742.0
2017-02-10,Equity(1847 [MMM]),179.0,1392438.0
2017-02-13,Equity(1847 [MMM]),181.02,1929821.0
2017-02-14,Equity(1847 [MMM]),181.6,2036188.0
2017-02-15,Equity(1847 [MMM]),181.7,1762914.0
2017-02-16,Equity(1847 [MMM]),183.41,2164045.0
2017-02-17,Equity(1847 [MMM]),182.95,1961456.0
2017-02-21,Equity(1847 [MMM]),183.37,1736345.0
2017-02-22,Equity(1847 [MMM]),186.04,2850946.0
2017-02-23,Equity(1847 [MMM]),187.19,2401641.0
2017-02-24,Equity(1847 [MMM]),187.41,2126138.0
2017-02-27,Equity(1847 [MMM]),186.91,1393808.0
2017-02-28,Equity(1847 [MMM]),186.35,1932120.0
2017-03-01,Equity(1847 [MMM]),189.86,2226206.0
2017-03-02,Equity(1847 [MMM]),189.89,1763962.0
2017-03-03,Equity(1847 [MMM]),189.31,1627706.0
2017-03-06,Equity(1847 [MMM]),188.9,1668743.0
2017-03-07,Equity(1847 [MMM]),189.09,1661986.0
2017-03-08,Equity(1847 [MMM]),189.51,1565272.0
2017-03-09,Equity(1847 [MMM]),189.9,1556675.0
2017-03-10,Equity(1847 [MMM]),191.21,2514991.0
2017-03-13,Equity(1847 [MMM]),191.52,1972733.0
2017-03-14,Equity(1847 [MMM]),190.33,1893619.0
2017-03-15,Equity(1847 [MMM]),191.2,2046978.0
2017-03-16,Equity(1847 [MMM]),190.31,1937139.0
2017-03-17,Equity(1847 [MMM]),192.36,4228102.0
2017-03-20,Equity(1847 [MMM]),193.01,2085593.0
2017-03-21,Equity(1847 [MMM]),192.13,1895059.0
2017-03-22,Equity(1847 [MMM]),192.22,1627326.0
2017-03-23,Equity(1847 [MMM]),192.14,1481951.0
2017-03-24,Equity(1847 [MMM]),191.51,1435374.0
2017-03-27,Equity(1847 [MMM]),190.43,1984622.0
2017-03-28,Equity(1847 [MMM]),190.99,2330159.0
2017-03-29,Equity(1847 [MMM]),190.68,1692204.0
2017-03-30,Equity(1847 [MMM]),191.28,1835414.0
2017-03-31,Equity(1847 [MMM]),191.33,1730048.0
2017-04-03,Equity(1847 [MMM]),190.72,1546695.0
2017-04-04,Equity(1847 [MMM]),190.19,1349899.0
2017-04-05,Equity(1847 [MMM]),190.24,1448737.0
2017-04-06,Equity(1847 [MMM]),189.89,1627375.0
2017-04-07,Equity(1847 [MMM]),189.99,1025166.0
2017-04-10,Equity(1847 [MMM]),189.71,1682689.0
2017-04-11,Equity(1847 [MMM]),190.07,1459582.0
2017-04-12,Equity(1847 [MMM]),189.7,1416141.0
2017-04-13,Equity(1847 [MMM]),188.65,1274376.0
2017-04-17,Equity(1847 [MMM]),190.36,1543558.0
2017-04-18,Equity(1847 [MMM]),190.22,1176884.0
2017-04-19,Equity(1847 [MMM]),189.83,1340386.0
2017-04-20,Equity(1847 [MMM]),191.16,1748179.0
2017-04-21,Equity(1847 [MMM]),191.5,2584194.0
2017-04-24,Equity(1847 [MMM]),194.23,2709554.0
2017-04-25,Equity(1847 [MMM]),195.13,4112662.0
2017-04-26,Equity(1847 [MMM]),195.0,2634154.0
2017-04-27,Equity(1847 [MMM]),196.11,1770196.0
2017-04-28,Equity(1847 [MMM]),195.83,2460984.0
2017-05-01,Equity(1847 [MMM]),194.81,1498522.0
2017-05-02,Equity(1847 [MMM]),196.53,2463719.0
2017-05-03,Equity(1847 [MMM]),197.63,2339537.0
2017-05-04,Equity(1847 [MMM]),199.51,2320839.0
2017-05-05,Equity(1847 [MMM]),199.4,1630354.0
2017-05-08,Equity(1847 [MMM]),198.65,1575940.0
2017-05-09,Equity(1847 [MMM]),197.96,1746292.0
2017-05-10,Equity(1847 [MMM]),196.64,2247749.0
2017-05-11,Equity(1847 [MMM]),196.75,1659515.0
2017-05-12,Equity(1847 [MMM]),196.57,1244271.0
2017-05-15,Equity(1847 [MMM]),197.63,1458454.0
2017-05-16,Equity(1847 [MMM]),197.91,1180901.0
2017-05-17,Equity(1847 [MMM]),194.84,1877028.0
2017-05-18,Equity(1847 [MMM]),195.24,1899375.0
2017-05-19,Equity(1847 [MMM]),195.8,1858172.0
2017-05-22,Equity(1847 [MMM]),198.51,1835895.0
2017-05-23,Equity(1847 [MMM]),197.73,1514189.0
2017-05-24,Equity(1847 [MMM]),197.49,1206374.0
2017-05-25,Equity(1847 [MMM]),199.54,1460317.0
2017-05-26,Equity(1847 [MMM]),200.67,1409579.0
2017-05-30,Equity(1847 [MMM]),202.44,2168167.0
2017-05-31,Equity(1847 [MMM]),204.47,2945091.0
2017-06-01,Equity(1847 [MMM]),204.35,2347313.0
2017-06-02,Equity(1847 [MMM]),206.7,1830419.0
2017-06-05,Equity(1847 [MMM]),206.22,1247418.0
2017-06-06,Equity(1847 [MMM]),205.41,1455362.0
2017-06-07,Equity(1847 [MMM]),205.01,1880877.0
2017-06-08,Equity(1847 [MMM]),205.94,2441365.0
2017-06-09,Equity(1847 [MMM]),206.93,1893115.0
2017-06-12,Equity(1847 [MMM]),207.39,2358406.0
2017-06-13,Equity(1847 [MMM]),209.11,1684945.0
2017-06-14,Equity(1847 [MMM]),210.01,1577807.0
2017-06-15,Equity(1847 [MMM]),211.29,1590599.0
2017-06-16,Equity(1847 [MMM]),213.24,3407916.0
2017-06-19,Equity(1847 [MMM]),213.36,1567633.0
2017-06-20,Equity(1847 [MMM]),213.36,1528215.0
2017-06-21,Equity(1847 [MMM]),212.86,1609653.0
2017-06-22,Equity(1847 [MMM]),212.22,1398732.0
2017-06-23,Equity(1847 [MMM]),212.9,1493098.0
2017-06-26,Equity(1847 [MMM]),212.61,1319058.0
2017-06-27,Equity(1847 [MMM]),209.78,2226566.0
2017-06-28,Equity(1847 [MMM]),210.62,1532866.0
2017-06-29,Equity(1847 [MMM]),207.85,1792372.0
2017-06-30,Equity(1847 [MMM]),208.19,1749132.0
2017-07-03,Equity(1847 [MMM]),209.83,1040234.0
2017-07-05,Equity(1847 [MMM]),209.76,1063105.0
2017-07-06,Equity(1847 [MMM]),208.02,1175987.0
2017-07-07,Equity(1847 [MMM]),209.59,1454921.0
2017-07-10,Equity(1847 [MMM]),210.49,1308382.0
2017-07-11,Equity(1847 [MMM]),209.66,1266968.0
2017-07-12,Equity(1847 [MMM]),211.3,1445663.0
2017-07-13,Equity(1847 [MMM]),211.09,1137743.0
2017-07-14,Equity(1847 [MMM]),211.77,1054338.0
2017-07-17,Equity(1847 [MMM]),211.68,1233686.0
2017-07-18,Equity(1847 [MMM]),211.31,1559820.0
2017-07-19,Equity(1847 [MMM]),212.1,785886.0
2017-07-20,Equity(1847 [MMM]),212.45,1323187.0
2017-07-21,Equity(1847 [MMM]),211.16,2222364.0
2017-07-24,Equity(1847 [MMM]),210.0,2114737.0
2017-07-25,Equity(1847 [MMM]),199.39,6486516.0
2017-07-26,Equity(1847 [MMM]),199.03,2905308.0
2017-07-27,Equity(1847 [MMM]),200.05,2174531.0
2017-07-28,Equity(1847 [MMM]),199.72,1486137.0
2017-07-31,Equity(1847 [MMM]),201.17,1820656.0
2017-08-01,Equity(1847 [MMM]),203.18,1967068.0
2017-08-02,Equity(1847 [MMM]),205.41,2025858.0
2017-08-03,Equity(1847 [MMM]),207.62,2036944.0
2017-08-04,Equity(1847 [MMM]),207.65,1516465.0
2017-08-07,Equity(1847 [MMM]),207.44,1154496.0
2017-08-08,Equity(1847 [MMM]),206.43,1849202.0
2017-08-09,Equity(1847 [MMM]),206.48,1610899.0
2017-08-10,Equity(1847 [MMM]),206.23,1537868.0
2017-08-11,Equity(1847 [MMM]),205.98,1451108.0
2017-08-14,Equity(1847 [MMM]),207.37,1254163.0
2017-08-15,Equity(1847 [MMM]),207.18,1035755.0
2017-08-16,Equity(1847 [MMM]),207.92,1691522.0
2017-08-17,Equity(1847 [MMM]),205.35,1318130.0
2017-08-18,Equity(1847 [MMM]),203.53,1830572.0
2017-08-21,Equity(1847 [MMM]),204.55,1546255.0
2017-08-22,Equity(1847 [MMM]),205.46,2043681.0
2017-08-23,Equity(1847 [MMM]),202.67,1264423.0
2017-08-24,Equity(1847 [MMM]),202.12,1223412.0
2017-08-25,Equity(1847 [MMM]),202.13,1238066.0
2017-08-28,Equity(1847 [MMM]),202.46,1136407.0
2017-08-29,Equity(1847 [MMM]),202.92,986514.0
2017-08-30,Equity(1847 [MMM]),203.69,1190025.0
2017-08-31,Equity(1847 [MMM]),204.32,1543217.0
2017-09-01,Equity(1847 [MMM]),203.56,1411075.0
2017-09-05,Equity(1847 [MMM]),200.98,1934515.0
2017-09-06,Equity(1847 [MMM]),202.05,2179495.0
2017-09-07,Equity(1847 [MMM]),204.46,1687251.0
2017-09-08,Equity(1847 [MMM]),205.69,1462837.0
2017-09-11,Equity(1847 [MMM]),209.56,1771859.0
2017-09-12,Equity(1847 [MMM]),209.64,1441167.0
2017-09-13,Equity(1847 [MMM]),209.49,1102480.0
2017-09-14,Equity(1847 [MMM]),211.43,1976307.0
2017-09-15,Equity(1847 [MMM]),213.35,3578537.0
2017-09-18,Equity(1847 [MMM]),213.76,1270666.0
2017-09-19,Equity(1847 [MMM]),213.56,1347801.0
2017-09-20,Equity(1847 [MMM]),210.51,2924577.0
2017-09-21,Equity(1847 [MMM]),210.44,1342702.0
2017-09-22,Equity(1847 [MMM]),210.76,1442920.0
2017-09-25,Equity(1847 [MMM]),210.73,1590418.0
2017-09-26,Equity(1847 [MMM]),211.03,1186373.0
2017-09-27,Equity(1847 [MMM]),209.48,1803540.0
2017-09-28,Equity(1847 [MMM]),209.55,2044226.0
2017-09-29,Equity(1847 [MMM]),209.9,1625467.0
2017-10-02,Equity(1847 [MMM]),212.76,1280302.0
2017-10-03,Equity(1847 [MMM]),214.57,1632186.0
2017-10-04,Equity(1847 [MMM]),216.52,1634801.0
2017-10-05,Equity(1847 [MMM]),216.37,1738347.0
2017-10-06,Equity(1847 [MMM]),216.52,1407074.0
2017-10-09,Equity(1847 [MMM]),216.68,1053512.0
2017-10-10,Equity(1847 [MMM]),216.75,1170940.0
2017-10-11,Equity(1847 [MMM]),216.51,2016870.0
2017-10-12,Equity(1847 [MMM]),217.59,1894038.0
2017-10-13,Equity(1847 [MMM]),217.72,1461599.0
2017-10-16,Equity(1847 [MMM]),218.72,1183691.0
2017-10-17,Equity(1847 [MMM]),217.75,1875111.0
2017-10-18,Equity(1847 [MMM]),218.27,1413576.0
2017-10-19,Equity(1847 [MMM]),219.24,1359787.0
2017-10-20,Equity(1847 [MMM]),221.32,1624470.0
2017-10-23,Equity(1847 [MMM]),221.55,1962708.0
2017-10-24,Equity(1847 [MMM]),234.65,6434602.0
2017-10-25,Equity(1847 [MMM]),237.92,3404073.0
2017-10-26,Equity(1847 [MMM]),232.94,3346878.0
2017-10-27,Equity(1847 [MMM]),234.74,1988609.0
2017-10-30,Equity(1847 [MMM]),231.02,2720504.0
2017-10-31,Equity(1847 [MMM]),230.19,1891791.0
2017-11-01,Equity(1847 [MMM]),230.18,1375491.0
2017-11-02,Equity(1847 [MMM]),232.23,1579989.0
2017-11-03,Equity(1847 [MMM]),232.22,1531962.0
2017-11-06,Equity(1847 [MMM]),230.31,1334651.0
2017-11-07,Equity(1847 [MMM]),230.05,1550074.0
2017-11-08,Equity(1847 [MMM]),230.05,0.0
2017-11-09,Equity(1847 [MMM]),228.39,1568596.0
2017-11-10,Equity(1847 [MMM]),228.39000000000001,0.0
2017-11-13,Equity(1847 [MMM]),228.39000000000001,0.0
2017-11-14,Equity(1847 [MMM]),228.39000000000001,0.0
2017-11-15,Equity(1847 [MMM]),227.4,1490293.0
2017-11-16,Equity(1847 [MMM]),227.4,0.0
2017-11-17,Equity(1847 [MMM]),229.36,1732091.0
2017-11-20,Equity(1847 [MMM]),231.49,1692009.0
2017-11-21,Equity(1847 [MMM]),234.09,2035058.0
2017-11-22,Equity(1847 [MMM]),234.09,0.0
2017-11-24,Equity(1847 [MMM]),234.09,0.0
2017-11-27,Equity(1847 [MMM]),234.0,1774883.0
2017-11-28,Equity(1847 [MMM]),235.63,1797384.0
2017-11-29,Equity(1847 [MMM]),235.63,0.0
2017-11-30,Equity(1847 [MMM]),235.63,0.0
2017-12-01,Equity(1847 [MMM]),235.63,0.0
2017-12-04,Equity(1847 [MMM]),235.63,0.0
2017-12-05,Equity(1847 [MMM]),238.26,1543134.0
2017-12-06,Equity(1847 [MMM]),238.26,0.0
2017-12-07,Equity(1847 [MMM]),238.26,0.0
2017-12-08,Equity(1847 [MMM]),238.26,0.0
2017-12-11,Equity(1847 [MMM]),238.26,0.0
2017-12-12,Equity(1847 [MMM]),238.26,0.0
2017-12-13,Equity(1847 [MMM]),238.26,0.0
2017-12-14,Equity(1847 [MMM]),238.26,0.0
2017-12-15,Equity(1847 [MMM]),238.26,0.0
2017-12-18,Equity(1847 [MMM]),238.26,0.0
2017-12-19,Equity(1847 [MMM]),238.26,0.0
2017-12-20,Equity(1847 [MMM]),238.26,0.0
2017-12-21,Equity(1847 [MMM]),238.26,0.0
2017-12-22,Equity(1847 [MMM]),238.26,0.0
2017-12-26,Equity(1847 [MMM]),238.26,0.0
2017-12-27,Equity(1847 [MMM]),238.26,0.0
2017-12-28,Equity(1847 [MMM]),238.26,0.0
2017-12-29,Equity(1847 [MMM]),238.26,0.0
